"patient_id","name","age","arrival_date","departure_date","service","satisfaction"
"PAT-09484753","Richard Rodriguez",24,"2025-03-16","2025-03-22","surgery",61
"PAT-f0644084","Shannon Walker",6,"2025-12-13","2025-12-14","surgery",83
"PAT-ac6162e4","Julia Torres",24,"2025-06-29","2025-07-05","general_medicine",83
"PAT-3dda2bb5","Crystal Johnson",32,"2025-10-12","2025-10-23","emergency",81
"PAT-08591375","Garrett Lin",25,"2025-02-18","2025-02-25","ICU",76
"PAT-f4b29bae","Diana May",83,"2025-06-26","2025-06-30","emergency",81
"PAT-283cda07","William Herrera",62,"2025-12-26","2025-12-27","emergency",66
"PAT-5b61868c","Ashley Waller",0,"2025-05-21","2025-06-04","ICU",82
"PAT-f9c8afa6","Victor Baker",50,"2025-07-30","2025-08-13","general_medicine",91
"PAT-5290be70","Jeffrey Chandler",29,"2025-11-01","2025-11-14","emergency",88
"PAT-003ce690","Larry Dixon",29,"2025-01-19","2025-01-21","ICU",60
"PAT-18f78014","Kenneth Scott",77,"2025-06-24","2025-06-26","general_medicine",61
"PAT-69dc0dc1","April Frost",37,"2025-11-15","2025-11-19","general_medicine",60
"PAT-95afe21e","Michelle Harmon",7,"2025-02-24","2025-03-03","emergency",62
"PAT-cc50ad71","Helen Jones",31,"2025-06-11","2025-06-23","surgery",92
"PAT-0beb4754","Erin Edwards",86,"2025-10-15","2025-10-17","general_medicine",66
"PAT-3223420e","Michelle Evans",7,"2025-11-09","2025-11-16","emergency",62
"PAT-f0682772","Jason Powell",87,"2025-09-12","2025-09-25","general_medicine",67
"PAT-af65396f","Cameron Fisher",53,"2025-08-27","2025-09-01","emergency",62
"PAT-dbbf6d1f","Megan Orr",50,"2025-04-02","2025-04-10","emergency",93
"PAT-5e3f8747","Elizabeth Kelley",34,"2025-03-29","2025-04-12","ICU",91
"PAT-ba5529f4","Dustin Jordan",45,"2025-06-14","2025-06-20","general_medicine",80
"PAT-208fd478","Mary Marshall",13,"2025-11-07","2025-11-09","general_medicine",66
"PAT-127ca40e","Daniel Kennedy",73,"2025-06-10","2025-06-17","general_medicine",80
"PAT-f70aeea1","Rebecca Jackson",18,"2025-02-05","2025-02-18","ICU",77
"PAT-9bc45d47","Jose Schultz",1,"2025-10-30","2025-11-04","emergency",79
"PAT-13c9b20f","Robert Potter",10,"2025-07-14","2025-07-21","surgery",71
"PAT-cd63d937","Courtney Gonzalez",19,"2025-10-20","2025-10-26","emergency",89
"PAT-1bc22a80","David Alvarez",8,"2025-02-22","2025-03-06","surgery",94
"PAT-5044053e","Angel Perry",85,"2025-10-07","2025-10-08","ICU",69
"PAT-f3846605","Cheyenne Horton",29,"2025-02-28","2025-03-14","ICU",82
"PAT-736d270f","David Douglas Jr.",80,"2025-04-25","2025-04-26","surgery",73
"PAT-af250ef4","Patricia Rodriguez",8,"2025-08-25","2025-09-03","ICU",98
"PAT-eacf84b5","Christopher Rubio",72,"2025-10-05","2025-10-16","surgery",63
"PAT-8029775b","Amber Wright",25,"2025-01-29","2025-02-11","surgery",93
"PAT-9ba7a6ee","Joyce Solis",86,"2025-03-16","2025-03-22","emergency",77
"PAT-029113eb","Victoria Larson",84,"2025-12-22","2025-12-31","surgery",97
"PAT-44c855d4","Stephanie Salazar",33,"2025-06-14","2025-06-23","emergency",97
"PAT-8b1e87b0","Kathy Rivas",75,"2025-04-27","2025-05-07","general_medicine",81
"PAT-fade1b7b","Stephanie Manning",84,"2025-11-09","2025-11-15","general_medicine",86
"PAT-d4f82ecb","David Wright",39,"2025-09-25","2025-10-08","surgery",66
"PAT-5b51b470","Pamela Boyd",9,"2025-07-09","2025-07-19","emergency",61
"PAT-cb6b3892","Denise Jones",53,"2025-07-12","2025-07-15","general_medicine",95
"PAT-87783e44","Devon Flores",25,"2025-05-29","2025-06-09","emergency",99
"PAT-33d8d801","Brenda Hall",10,"2025-06-13","2025-06-14","ICU",98
"PAT-48f61d27","Michelle Brown",53,"2025-02-24","2025-03-04","surgery",81
"PAT-24a653c8","Joshua Perry",68,"2025-10-16","2025-10-26","ICU",95
"PAT-0d00ca2c","Jason Stein",19,"2025-08-15","2025-08-19","general_medicine",76
"PAT-70057243","Melissa Gates",61,"2025-12-31","2026-01-11","general_medicine",93
"PAT-84559395","Jamie Smith",72,"2025-03-14","2025-03-23","surgery",99
"PAT-581a47d8","Paul Castaneda",16,"2025-08-05","2025-08-18","emergency",99
"PAT-851d3ef5","Jennifer Adkins",41,"2025-02-08","2025-02-11","emergency",62
"PAT-a2c2be76","Lindsey Walker",43,"2025-04-12","2025-04-14","general_medicine",71
"PAT-ae81e45f","Jeffrey Johnson",18,"2025-02-13","2025-02-24","emergency",76
"PAT-51e4d298","Michael Powell",73,"2025-11-07","2025-11-08","emergency",71
"PAT-deada259","John Anderson",61,"2025-08-04","2025-08-07","ICU",67
"PAT-73381b12","Alyssa Long",20,"2025-08-03","2025-08-08","emergency",75
"PAT-4275a12b","Alyssa Day",69,"2025-01-25","2025-01-27","ICU",84
"PAT-a4a957cb","Joel Williams",11,"2025-02-28","2025-03-10","general_medicine",85
"PAT-a2ac2b3b","Daniel Murphy",46,"2025-09-23","2025-09-30","ICU",76
"PAT-64a781e0","Jamie Walton",22,"2025-03-27","2025-04-06","surgery",66
"PAT-54bd8932","Darlene Miller",13,"2025-04-27","2025-05-04","general_medicine",68
"PAT-1e630d47","Joshua Cooke",47,"2025-11-11","2025-11-18","ICU",88
"PAT-d1c95e77","Matthew Harrington",81,"2025-04-13","2025-04-14","general_medicine",73
"PAT-69802c02","Nicole Herring",30,"2025-04-18","2025-04-30","ICU",93
"PAT-8b68dd5f","Alex Hernandez",2,"2025-06-20","2025-06-28","emergency",85
"PAT-93f48cc9","Michael Elliott",54,"2025-12-30","2026-01-06","general_medicine",74
"PAT-0477a000","Michael Wang",3,"2025-07-29","2025-07-30","emergency",75
"PAT-efd9dfb4","Lawrence Adkins",41,"2025-11-07","2025-11-10","ICU",93
"PAT-1dd2fee7","Robert Oconnell",29,"2025-09-04","2025-09-17","general_medicine",72
"PAT-f316dd98","Alexander Collins",17,"2025-04-06","2025-04-09","ICU",98
"PAT-d6e424a7","Tina Sanders",45,"2025-01-29","2025-02-12","ICU",88
"PAT-9da5da0c","Angela Vaughn",61,"2025-08-24","2025-09-02","emergency",75
"PAT-d6009d2d","Ashley Barton",55,"2025-08-27","2025-09-05","ICU",69
"PAT-93eef480","Lindsay Martinez",29,"2025-12-25","2025-12-29","emergency",64
"PAT-71af91b2","Dr. Hannah Patterson",64,"2025-06-26","2025-06-29","surgery",73
"PAT-46bf225d","Jonathan Peterson",29,"2025-11-20","2025-11-22","surgery",96
"PAT-cdf17ff3","Samantha Garcia",24,"2025-07-12","2025-07-17","ICU",74
"PAT-37cfaa9e","Madison Poole",72,"2025-11-01","2025-11-10","general_medicine",83
"PAT-8d08fe4b","Jessica Gross",67,"2025-07-06","2025-07-16","ICU",96
"PAT-5ceebd3e","Debra Morton",60,"2025-07-17","2025-07-24","emergency",83
"PAT-781642da","Karen Graham",10,"2025-11-29","2025-12-01","surgery",84
"PAT-59b0893a","Debra Christian",70,"2025-09-17","2025-09-28","ICU",67
"PAT-6527c233","Angelica Keith",19,"2025-03-04","2025-03-10","emergency",69
"PAT-78c826d3","John Bishop",56,"2025-08-29","2025-09-08","surgery",62
"PAT-69b43c9f","Allen Rosales",5,"2025-09-18","2025-09-24","emergency",82
"PAT-5d40ae5a","Daniel Salinas",48,"2025-04-09","2025-04-13","emergency",94
"PAT-bc9492e1","Spencer Haynes",49,"2025-03-03","2025-03-04","surgery",83
"PAT-1cc7c1b5","Adam Vaughan",2,"2025-08-15","2025-08-21","ICU",72
"PAT-67f7e3c0","Nathan Freeman",88,"2025-03-09","2025-03-23","emergency",96
"PAT-ff95fbd3","Melissa Brewer",10,"2025-11-19","2025-11-30","emergency",87
"PAT-64d84602","Ricky Davis II",28,"2025-07-14","2025-07-23","emergency",93
"PAT-aec27b91","Elizabeth Perkins",75,"2025-01-09","2025-01-17","surgery",84
"PAT-adbace23","Joseph Coleman",4,"2025-08-14","2025-08-22","general_medicine",74
"PAT-4541f775","Erin Warner",37,"2025-09-08","2025-09-13","ICU",85
"PAT-747aa801","David Martinez",17,"2025-02-06","2025-02-18","surgery",72
"PAT-8f6d5fa4","Bryan Herrera",27,"2025-03-22","2025-03-24","emergency",99
"PAT-5549773a","Cathy Robinson",44,"2025-11-14","2025-11-27","ICU",62
"PAT-a1a7ae2d","Dr. William Warren",55,"2025-12-20","2025-12-28","ICU",86
"PAT-e3ea41ad","Brian Lee",76,"2025-10-16","2025-10-22","emergency",83
"PAT-9503b40f","Christopher Smith",18,"2025-06-17","2025-06-29","ICU",92
"PAT-77cb8744","Denise Mccann",58,"2025-10-31","2025-11-09","general_medicine",72
"PAT-7b4c9205","Melissa Martinez",44,"2025-06-30","2025-07-10","emergency",95
"PAT-140b8ad9","Katherine Salas",62,"2025-07-07","2025-07-14","general_medicine",64
"PAT-d2e54d43","Julie Alexander",44,"2025-09-06","2025-09-09","surgery",90
"PAT-7d1cd17c","Anthony Everett",22,"2025-06-09","2025-06-20","surgery",89
"PAT-a5027bf8","Rodney Morales",38,"2025-03-23","2025-03-27","general_medicine",61
"PAT-e084c2a6","Mark Brown",77,"2025-01-12","2025-01-19","emergency",61
"PAT-6df0ffc7","Justin Torres",12,"2025-06-04","2025-06-05","surgery",76
"PAT-778a1d7f","Bailey Duran DDS",59,"2025-12-10","2025-12-23","ICU",94
"PAT-c10bb8e8","Courtney Mills",69,"2025-03-15","2025-03-24","general_medicine",91
"PAT-213fad7f","Jeremy Dalton",62,"2025-03-01","2025-03-15","ICU",96
"PAT-ac6dc0e1","Elizabeth Oliver DDS",21,"2025-12-18","2025-12-22","ICU",63
"PAT-76736cf9","Theresa Clark",63,"2025-01-12","2025-01-18","emergency",76
"PAT-7447f98d","Matthew Moore",9,"2025-07-12","2025-07-18","surgery",85
"PAT-adc6b53e","Benjamin Smith",81,"2025-09-27","2025-10-10","surgery",71
"PAT-566609d4","Kirk Carter",35,"2025-08-15","2025-08-19","general_medicine",71
"PAT-76ad3db1","Michael Warner",6,"2025-02-02","2025-02-08","emergency",74
"PAT-6cade292","Michael Bradshaw",31,"2025-02-27","2025-03-06","general_medicine",85
"PAT-9058ed41","Lori Guerrero",45,"2025-10-12","2025-10-16","surgery",76
"PAT-a672d6ab","Jessica Stephens",12,"2025-02-08","2025-02-15","emergency",88
"PAT-55170e9d","Susan Serrano",28,"2025-10-15","2025-10-17","general_medicine",73
"PAT-1c369f8c","Christopher Parker",83,"2025-01-27","2025-01-30","surgery",76
"PAT-933fdb73","Laura Roberts",55,"2025-01-21","2025-01-26","ICU",79
"PAT-36e02234","Michael Lyons",5,"2025-09-14","2025-09-24","general_medicine",97
"PAT-5cc44627","Kathryn Snyder",14,"2025-06-12","2025-06-13","surgery",84
"PAT-333f8368","Andrew Reynolds",23,"2025-10-01","2025-10-13","ICU",75
"PAT-82531806","David Davis",26,"2025-03-01","2025-03-15","ICU",84
"PAT-16a8108f","Sara Johnston",16,"2025-11-05","2025-11-13","emergency",74
"PAT-d977b532","Yvonne Chambers",26,"2025-02-19","2025-02-23","surgery",66
"PAT-532a2fa4","Andrew Avila",2,"2025-06-30","2025-07-08","emergency",62
"PAT-4d4b8877","Matthew Moon",19,"2025-01-15","2025-01-24","surgery",89
"PAT-2d44492a","Kevin Walters",77,"2025-09-30","2025-10-14","general_medicine",79
"PAT-dea8a3ab","Brandon Bailey MD",8,"2025-11-15","2025-11-21","surgery",61
"PAT-a8c3a396","Shannon Rivera",87,"2025-03-05","2025-03-18","ICU",76
"PAT-e52ee9c7","Donna Landry",71,"2025-10-01","2025-10-15","emergency",77
"PAT-b3234b48","Krista Gibson",37,"2025-01-11","2025-01-24","ICU",84
"PAT-3333db57","Frank Cordova",32,"2025-04-12","2025-04-21","ICU",67
"PAT-422fc492","Jose Travis",10,"2025-06-28","2025-07-06","surgery",76
"PAT-62ac02ae","Kimberly Gutierrez",75,"2025-02-15","2025-02-21","emergency",81
"PAT-aecf2749","Isaiah Avila",19,"2025-07-21","2025-07-29","emergency",91
"PAT-910d00c5","Olivia Harris",1,"2025-10-16","2025-10-25","emergency",72
"PAT-1153d980","Tanya Kim",29,"2025-03-18","2025-03-22","emergency",85
"PAT-86e1492d","Barbara Dudley",21,"2025-07-13","2025-07-19","general_medicine",98
"PAT-796351fa","Cynthia Moore",89,"2025-05-02","2025-05-04","surgery",74
"PAT-45fbe971","Kristen Davis",43,"2025-12-26","2026-01-06","emergency",62
"PAT-d70a9eaa","Susan Murray MD",5,"2025-09-19","2025-09-28","emergency",98
"PAT-807a2946","Kathleen Moran",31,"2025-07-23","2025-07-31","emergency",67
"PAT-8f4befb1","Denise Davenport",49,"2025-11-14","2025-11-18","ICU",66
"PAT-128d605f","Mrs. Kristen Reyes",74,"2025-07-27","2025-07-31","ICU",65
"PAT-957409c3","Katie Suarez",57,"2025-01-03","2025-01-12","surgery",73
"PAT-e84b2bde","Desiree Tyler",74,"2025-01-12","2025-01-19","surgery",71
"PAT-ef5fba5e","Timothy Romero",12,"2025-10-28","2025-10-31","emergency",78
"PAT-9fa2fb78","Diane Evans",54,"2025-12-22","2026-01-04","surgery",67
"PAT-0b36c5db","Yvonne Burns",52,"2025-10-15","2025-10-18","general_medicine",77
"PAT-feaf8fa9","Joshua Reed",69,"2025-07-30","2025-08-05","surgery",96
"PAT-a0249545","Kimberly Gibson",55,"2025-02-28","2025-03-03","emergency",87
"PAT-b3884d9d","Colin Terry",73,"2025-02-04","2025-02-17","general_medicine",88
"PAT-37a4e49b","Cynthia Rowe",53,"2025-07-26","2025-07-27","general_medicine",66
"PAT-3f3b87d0","Patrick Thornton",75,"2025-12-16","2025-12-21","emergency",90
"PAT-4a65d104","Jasmin Alvarado",57,"2025-01-24","2025-01-28","emergency",96
"PAT-f71341e8","Veronica Simpson",3,"2025-12-30","2026-01-13","ICU",79
"PAT-7fd45a04","Jonathan Lawrence",59,"2025-02-19","2025-02-20","ICU",91
"PAT-497f24f8","Shelly Alexander",35,"2025-04-27","2025-04-29","surgery",95
"PAT-397b021a","Joyce Bowen",65,"2025-09-19","2025-09-26","general_medicine",71
"PAT-278b39f9","Matthew Moore",2,"2025-01-18","2025-01-26","emergency",80
"PAT-7d5f5886","Wayne Morgan",14,"2025-12-21","2025-12-31","emergency",67
"PAT-30e54d48","Marie Christian",86,"2025-01-14","2025-01-28","surgery",61
"PAT-121063b2","Shannon James",36,"2025-02-10","2025-02-24","emergency",73
"PAT-dd595a4b","Nathan Malone",88,"2025-05-10","2025-05-17","ICU",65
"PAT-238a6975","Amanda Jones",16,"2025-12-11","2025-12-20","general_medicine",87
"PAT-f6746853","Tammie Bright",65,"2025-08-17","2025-08-22","general_medicine",60
"PAT-e83fd232","Jessica Garcia",39,"2025-06-13","2025-06-26","ICU",82
"PAT-4d0caa3d","Shelia Wallace",46,"2025-01-10","2025-01-13","general_medicine",73
"PAT-7e7ca2a8","Stephanie Williams",79,"2025-04-03","2025-04-13","surgery",71
"PAT-aa7fce81","Elaine Brooks",0,"2025-10-03","2025-10-11","emergency",71
"PAT-8f12a5d6","Joseph Knight",0,"2025-03-05","2025-03-11","emergency",79
"PAT-3791a5a1","Carolyn Miller",27,"2025-04-17","2025-04-22","emergency",96
"PAT-bc0e1eca","Lisa Allen",75,"2025-11-01","2025-11-02","emergency",87
"PAT-481d6c67","Briana Murray",78,"2025-04-18","2025-04-29","surgery",79
"PAT-0d3bf577","David Smith",77,"2025-10-20","2025-10-24","surgery",85
"PAT-50b16635","Stephanie Byrd",28,"2025-04-29","2025-05-02","emergency",65
"PAT-d7ca9f9c","Jeremy Reed",58,"2025-06-10","2025-06-11","emergency",73
"PAT-6239f3b2","Margaret Coleman",11,"2025-10-03","2025-10-08","surgery",83
"PAT-aae196c0","Ryan Gonzalez",42,"2025-08-05","2025-08-07","surgery",88
"PAT-c84e4d43","John Young",56,"2025-08-11","2025-08-19","general_medicine",82
"PAT-59cde384","Laura Haney",43,"2025-12-06","2025-12-13","surgery",75
"PAT-c3d1e20b","William Barrett",49,"2025-01-08","2025-01-10","surgery",80
"PAT-55244264","Keith Jennings",0,"2025-09-21","2025-10-04","general_medicine",91
"PAT-00b64d32","Amber Obrien",4,"2025-03-27","2025-03-29","general_medicine",60
"PAT-78f9a717","Tanner Mitchell DDS",54,"2025-08-06","2025-08-17","general_medicine",69
"PAT-98dd495d","Heather Fields",29,"2025-05-25","2025-06-04","surgery",67
"PAT-f8043a94","Megan Le",46,"2025-03-17","2025-03-28","ICU",67
"PAT-3e4685e0","Sara Fuller",88,"2025-10-16","2025-10-17","surgery",78
"PAT-d29552a2","Maria Parker",30,"2025-05-22","2025-05-27","ICU",64
"PAT-112d537f","Kevin Oconnor",89,"2025-08-08","2025-08-10","surgery",65
"PAT-887e7cea","Edward Burgess",62,"2025-06-10","2025-06-19","emergency",84
"PAT-30c0449b","Carlos Ryan",47,"2025-03-14","2025-03-19","emergency",72
"PAT-71583d93","Kiara Mcintyre",30,"2025-11-20","2025-11-22","emergency",97
"PAT-2143a928","Dawn Summers",3,"2025-01-19","2025-01-25","surgery",93
"PAT-8c70732d","Dr. Paul Morgan",81,"2025-10-06","2025-10-09","emergency",70
"PAT-00883d3c","Victor Taylor",0,"2025-11-06","2025-11-13","ICU",84
"PAT-fddf786e","Shannon Ramsey",84,"2025-03-06","2025-03-18","general_medicine",66
"PAT-4ef184da","Tracy Ballard",14,"2025-11-12","2025-11-25","emergency",84
"PAT-a9c4531b","Richard Smith",32,"2025-08-12","2025-08-13","emergency",94
"PAT-25a0eac5","Jordan Chambers",43,"2025-09-24","2025-09-27","surgery",67
"PAT-d4d94c8f","Lauren Carson",77,"2025-09-22","2025-09-25","surgery",80
"PAT-906c556b","Ashley Hall",25,"2025-10-31","2025-11-02","ICU",65
"PAT-4ce7266d","Stephen Hoffman",27,"2025-08-09","2025-08-19","emergency",84
"PAT-c4848253","Connie Brown",11,"2025-10-31","2025-11-05","emergency",74
"PAT-adca7b82","Susan Turner",43,"2025-09-28","2025-10-09","ICU",82
"PAT-d85f1bec","Charles Shah",69,"2025-12-30","2026-01-10","surgery",80
"PAT-84b93457","Johnathan Davis",22,"2025-12-02","2025-12-07","general_medicine",74
"PAT-74615cd8","Brandy Chavez",24,"2025-07-22","2025-07-25","ICU",74
"PAT-67d4bb5c","Natalie Bautista",67,"2025-05-21","2025-05-27","emergency",78
"PAT-e2357dd9","Patrick Moore",33,"2025-02-21","2025-03-07","surgery",86
"PAT-7ac9ef77","Brett Burns",28,"2025-06-05","2025-06-08","general_medicine",67
"PAT-d0adb997","Trevor Johnson",15,"2025-06-07","2025-06-09","surgery",61
"PAT-096760c2","Jeremy Sampson",48,"2025-05-12","2025-05-22","emergency",84
"PAT-36f95aa3","Ariana Jennings",74,"2025-12-17","2025-12-29","general_medicine",69
"PAT-2374bf63","Vanessa Howard",38,"2025-06-08","2025-06-15","emergency",95
"PAT-89105c60","Colton Martinez",83,"2025-09-20","2025-09-26","ICU",60
"PAT-c0e08cc7","Jordan Bates",43,"2025-06-22","2025-07-02","ICU",72
"PAT-a1996f50","Linda Smith",21,"2025-10-04","2025-10-10","surgery",87
"PAT-5d438213","Dana Martinez",8,"2025-01-09","2025-01-19","surgery",83
"PAT-994866af","Andrea Hubbard",41,"2025-06-01","2025-06-02","ICU",85
"PAT-51ed4886","Daniel Kane",36,"2025-02-19","2025-02-27","ICU",78
"PAT-6fda5c2b","Charles Lester",59,"2025-07-21","2025-07-30","general_medicine",77
"PAT-69035998","Scott Thomas",18,"2025-08-30","2025-09-04","ICU",94
"PAT-66afc4ce","David Thompson",32,"2025-05-29","2025-05-30","general_medicine",81
"PAT-de5fbcb3","Allison Smith",47,"2025-05-23","2025-05-26","emergency",87
"PAT-e1613a16","Cynthia Morris",70,"2025-01-11","2025-01-21","ICU",68
"PAT-55a00f9c","Anthony Harmon",77,"2025-09-11","2025-09-20","emergency",61
"PAT-dba63b3e","Nichole Alvarez",63,"2025-09-20","2025-09-25","general_medicine",77
"PAT-2b558098","Kayla Rodriguez",66,"2025-05-05","2025-05-12","surgery",70
"PAT-352bf97c","Theresa Williams",23,"2025-10-29","2025-11-01","ICU",63
"PAT-623cbc11","Sharon Boyd",89,"2025-02-11","2025-02-18","surgery",95
"PAT-1c834d8e","Victor Brown",35,"2025-03-14","2025-03-22","general_medicine",92
"PAT-ab6cb480","James Parks",69,"2025-07-15","2025-07-28","emergency",61
"PAT-3765ddaf","Theodore Jones Jr.",59,"2025-01-27","2025-02-01","emergency",67
"PAT-fe52b6dc","Ana Hill",71,"2025-03-08","2025-03-14","surgery",62
"PAT-46c5550c","Kimberly Nguyen",85,"2025-05-10","2025-05-17","surgery",61
"PAT-859a8803","Kerry Chavez DDS",80,"2025-12-20","2025-12-27","general_medicine",89
"PAT-5b8fca34","Michael Farrell",7,"2025-10-27","2025-11-06","surgery",95
"PAT-ab2071a7","Patricia Le",68,"2025-10-14","2025-10-23","emergency",75
"PAT-9fd54384","Jesse Perez",61,"2025-05-01","2025-05-08","surgery",75
"PAT-a8134bdf","Jesse Perry",11,"2025-05-16","2025-05-20","emergency",62
"PAT-faeaf27e","Jeffery Ortega",15,"2025-08-25","2025-09-01","surgery",87
"PAT-49865d7c","Christian Leblanc",4,"2025-12-26","2026-01-03","ICU",60
"PAT-4a3ae352","Ronald Davis",29,"2025-03-25","2025-03-31","emergency",81
"PAT-1dd01e3e","Parker Cain",81,"2025-08-19","2025-08-20","ICU",75
"PAT-1a76365c","Laurie Hoffman",75,"2025-08-14","2025-08-27","surgery",73
"PAT-0812aab1","Bryan Gomez",35,"2025-05-31","2025-06-02","emergency",61
"PAT-a7b89463","Nicole Parrish",84,"2025-09-06","2025-09-15","surgery",60
"PAT-9152b60f","Tracy Burke",74,"2025-06-29","2025-07-13","general_medicine",82
"PAT-47b2e0ba","Kenneth Lewis",25,"2025-11-07","2025-11-13","ICU",94
"PAT-54d1c471","Courtney Rodriguez",21,"2025-05-23","2025-05-29","general_medicine",96
"PAT-15c81fbe","Holly Farmer",11,"2025-02-18","2025-02-28","general_medicine",97
"PAT-5ea4b87a","Renee Bruce",81,"2025-10-18","2025-11-01","emergency",83
"PAT-e1eedc81","Sabrina Austin",29,"2025-05-14","2025-05-17","surgery",75
"PAT-c012faab","Allison Hickman",6,"2025-01-14","2025-01-23","ICU",74
"PAT-5a624c13","Debra White",20,"2025-03-07","2025-03-18","general_medicine",61
"PAT-c96abf5e","Ellen Morgan",34,"2025-07-25","2025-07-29","surgery",77
"PAT-2cbbc8fb","Sergio Knight",9,"2025-10-08","2025-10-21","emergency",92
"PAT-4ded9a32","Charles Schultz",35,"2025-09-27","2025-09-28","general_medicine",75
"PAT-86ba2b6b","Paul Lewis",53,"2025-01-25","2025-02-07","surgery",93
"PAT-6be745c6","Glen Wood",7,"2025-01-25","2025-01-29","emergency",71
"PAT-206c834e","Paula Bradley",31,"2025-04-06","2025-04-18","ICU",72
"PAT-9f0a00b8","Anthony Moore",30,"2025-01-20","2025-01-22","surgery",88
"PAT-178a21af","Megan Nelson",59,"2025-06-09","2025-06-22","general_medicine",61
"PAT-5580ba50","Karla Ramos",59,"2025-10-14","2025-10-17","general_medicine",64
"PAT-e6090bc8","Paul Wilson",82,"2025-09-23","2025-10-02","surgery",61
"PAT-bcb0f9f5","Douglas Gregory",10,"2025-09-10","2025-09-18","surgery",74
"PAT-2f96488b","Mr. Andrew Foster",72,"2025-03-24","2025-04-02","general_medicine",94
"PAT-0c7c720b","Aimee Turner",20,"2025-06-05","2025-06-19","emergency",66
"PAT-30f39386","Chad Scott",79,"2025-09-09","2025-09-10","ICU",63
"PAT-3a44c795","Adam Burgess",3,"2025-02-09","2025-02-10","general_medicine",96
"PAT-298a0534","James Padilla",51,"2025-11-04","2025-11-08","emergency",97
"PAT-1056838c","Sandra Drake",49,"2025-04-26","2025-05-10","general_medicine",94
"PAT-d25a486d","Scott Williams",6,"2025-04-02","2025-04-08","general_medicine",73
"PAT-02f2e75d","Thomas Atkins",70,"2025-03-27","2025-04-01","emergency",61
"PAT-5dfa0de8","Laura Mckinney",61,"2025-09-03","2025-09-09","general_medicine",74
"PAT-cdb97e8c","Brian Smith",20,"2025-11-10","2025-11-18","surgery",98
"PAT-a45144ba","Robert Montgomery",4,"2025-01-13","2025-01-18","emergency",85
"PAT-372943af","Tamara Davis",84,"2025-12-04","2025-12-09","emergency",91
"PAT-3a12adef","Dana Chapman",35,"2025-07-07","2025-07-18","emergency",80
"PAT-5528514b","Jennifer Collins",51,"2025-07-02","2025-07-07","ICU",85
"PAT-5d1f9ebb","Gary Jackson",67,"2025-02-21","2025-03-05","surgery",77
"PAT-3b87b085","Ashley Hicks",51,"2025-02-11","2025-02-16","emergency",72
"PAT-6bab5523","Hannah Luna",63,"2025-04-30","2025-05-09","emergency",60
"PAT-c13dc9cd","Robin Young",1,"2025-02-17","2025-03-02","ICU",92
"PAT-a2ce687a","Craig Morrison",9,"2025-11-10","2025-11-22","surgery",99
"PAT-e0bb6975","Mary Thompson",20,"2025-07-22","2025-07-29","ICU",93
"PAT-65cf6612","Kathleen Webster",7,"2025-08-02","2025-08-10","general_medicine",74
"PAT-73fe93af","Joann Glass",16,"2025-12-09","2025-12-17","ICU",78
"PAT-e746a0b3","Madison Weber",68,"2025-03-28","2025-04-02","ICU",67
"PAT-d9481512","Lori Hernandez",76,"2025-03-28","2025-04-08","ICU",60
"PAT-d01585f7","Jeremy Turner",50,"2025-06-01","2025-06-02","ICU",64
"PAT-c350b838","Anthony Romero",19,"2025-08-20","2025-08-30","emergency",90
"PAT-3de02e5b","Jesse Brown",10,"2025-07-30","2025-08-06","ICU",87
"PAT-032160f4","Angela Lin",50,"2025-09-18","2025-09-23","general_medicine",89
"PAT-c5ea2d51","Lisa Hunter",7,"2025-05-18","2025-05-24","ICU",91
"PAT-dccd21be","Julian Conner",80,"2025-05-16","2025-05-24","general_medicine",84
"PAT-1f61e183","Joanna Pacheco",72,"2025-02-18","2025-02-22","surgery",63
"PAT-57b9eff8","Erica Alvarez",77,"2025-06-18","2025-06-27","emergency",69
"PAT-e8f195d7","Antonio Garcia",20,"2025-05-20","2025-05-31","ICU",99
"PAT-38efddd3","Gwendolyn Klein",1,"2025-09-26","2025-10-01","surgery",91
"PAT-bcef354b","Carrie Wright",15,"2025-10-15","2025-10-27","ICU",93
"PAT-26a57bc7","Jeffrey Mills",10,"2025-09-28","2025-09-29","surgery",99
"PAT-2fcf5f77","Jake Campbell",17,"2025-06-02","2025-06-10","general_medicine",73
"PAT-044a304c","George Harper",88,"2025-10-05","2025-10-09","surgery",89
"PAT-5167d4ee","Maria Jones",83,"2025-06-21","2025-06-24","emergency",80
"PAT-884e92a2","Michael Mitchell",31,"2025-04-29","2025-05-06","surgery",71
"PAT-3d7ef7b5","Mary Escobar",46,"2025-05-29","2025-06-11","surgery",80
"PAT-9ab3b294","Felicia Aguilar",7,"2025-12-26","2026-01-09","surgery",66
"PAT-8496b80e","Gregory Ponce",22,"2025-08-12","2025-08-23","ICU",81
"PAT-d57b80b0","Jenna Larson",21,"2025-12-11","2025-12-17","general_medicine",87
"PAT-c811ab2c","Emily Bennett",28,"2025-09-15","2025-09-28","emergency",80
"PAT-6a58c511","Robin Santiago",78,"2025-10-10","2025-10-12","ICU",90
"PAT-7c20975d","Nancy Jennings",78,"2025-03-29","2025-04-10","general_medicine",72
"PAT-553b6a48","Maria Henderson",21,"2025-07-08","2025-07-09","general_medicine",62
"PAT-d571c058","Jack White",62,"2025-01-19","2025-01-26","surgery",88
"PAT-15b8abcc","Travis Tucker",29,"2025-04-18","2025-04-27","general_medicine",96
"PAT-41e896d3","Chad Jones",7,"2025-07-05","2025-07-13","surgery",60
"PAT-d61a871a","Ashley Wise",4,"2025-04-14","2025-04-17","general_medicine",91
"PAT-50579e1d","Sophia Johnson",63,"2025-12-20","2025-12-31","surgery",84
"PAT-e25fc9bd","Ralph Anderson",9,"2025-10-29","2025-11-05","emergency",86
"PAT-e5f5c1fb","Christopher Guerra",26,"2025-04-22","2025-05-05","surgery",68
"PAT-8156704f","Rhonda Martin",35,"2025-08-22","2025-09-01","surgery",71
"PAT-a674e677","Jason Rhodes",80,"2025-01-14","2025-01-23","surgery",93
"PAT-ad20c734","Jeremy Mitchell",52,"2025-01-20","2025-01-31","emergency",75
"PAT-0b69b6d1","Joann Ferguson",69,"2025-07-30","2025-08-04","ICU",63
"PAT-edbad772","Robert Harrison",3,"2025-01-24","2025-01-30","ICU",94
"PAT-c3e8e421","Holly Valentine",25,"2025-08-18","2025-08-23","emergency",99
"PAT-2a539c56","Mrs. Diane Reyes",20,"2025-02-07","2025-02-21","surgery",63
"PAT-98895bae","Tracy Montoya",59,"2025-01-20","2025-01-21","emergency",66
"PAT-93759aa2","Brenda Wright",3,"2025-01-14","2025-01-17","emergency",83
"PAT-a68b1005","Shelly Spencer",79,"2025-02-24","2025-02-28","surgery",63
"PAT-1d30e8d3","Ryan Rosales",23,"2025-06-07","2025-06-09","surgery",78
"PAT-95dfd43c","Phillip Nelson",30,"2025-03-01","2025-03-04","ICU",78
"PAT-4b5c839b","Brittany Kim",21,"2025-04-19","2025-05-01","ICU",89
"PAT-3cbb46ef","Courtney Hayes",57,"2025-04-27","2025-05-01","surgery",78
"PAT-d8b5f75c","Alexander Brown",47,"2025-08-16","2025-08-30","emergency",92
"PAT-60230dfe","Cynthia Vang",17,"2025-04-26","2025-04-27","general_medicine",87
"PAT-9507d0ed","Alfred Galvan",46,"2025-11-09","2025-11-21","general_medicine",92
"PAT-cd7b26f4","Marie Moody",16,"2025-09-17","2025-09-21","surgery",86
"PAT-fab8ee29","Dustin Gallegos",14,"2025-02-16","2025-03-02","surgery",70
"PAT-2c69345d","Brenda Thornton",8,"2025-11-21","2025-11-30","surgery",69
"PAT-8374cba5","Aaron Miller",49,"2025-04-17","2025-04-18","general_medicine",89
"PAT-8ef38395","Ruben Dunn",69,"2025-12-31","2026-01-03","emergency",78
"PAT-f92c667a","Kelsey Rodriguez",41,"2025-10-29","2025-11-08","general_medicine",64
"PAT-bda786d0","Eric Williams",63,"2025-02-18","2025-02-23","emergency",69
"PAT-6cd5f87c","Riley Bryant",63,"2025-12-22","2025-12-28","emergency",85
"PAT-c2c67af5","Taylor Carlson",3,"2025-08-19","2025-08-26","surgery",94
"PAT-ac3dafd9","Jose Allen",0,"2025-11-09","2025-11-13","ICU",65
"PAT-5e980326","Jeffrey Mendez",40,"2025-06-23","2025-07-05","surgery",90
"PAT-fcb4a649","Jason Beck",83,"2025-02-05","2025-02-10","ICU",89
"PAT-2343cf78","William Jones",23,"2025-04-16","2025-04-30","ICU",81
"PAT-4307e4fa","Katie Mcneil",6,"2025-08-08","2025-08-22","general_medicine",69
"PAT-82545b1e","Jeanette Harrison",79,"2025-07-01","2025-07-11","ICU",84
"PAT-5ce1547c","Veronica King",76,"2025-02-13","2025-02-22","surgery",95
"PAT-5d1ff7a3","Richard Cooper",55,"2025-03-25","2025-03-27","general_medicine",80
"PAT-5c8d5855","Lori Ingram",67,"2025-01-07","2025-01-13","surgery",74
"PAT-b2d6b78a","Evelyn Williams",81,"2025-09-05","2025-09-16","ICU",79
"PAT-e893850a","Robin Thompson",87,"2025-07-18","2025-07-23","general_medicine",85
"PAT-bc7c6516","Julie Dominguez",13,"2025-06-14","2025-06-24","emergency",80
"PAT-1f221580","Robin Brown",81,"2025-05-11","2025-05-18","emergency",85
"PAT-5bf36729","Judith Carter",36,"2025-11-01","2025-11-04","ICU",84
"PAT-5809aea6","Curtis Williams",84,"2025-06-10","2025-06-12","ICU",63
"PAT-2dce1645","Kaylee Hays",70,"2025-10-16","2025-10-17","surgery",83
"PAT-f801ed9b","Dawn Mullins",60,"2025-12-20","2026-01-01","emergency",98
"PAT-0faa8c27","Howard Norman",85,"2025-01-17","2025-01-19","emergency",65
"PAT-8b51e748","Evelyn Martinez",69,"2025-03-06","2025-03-16","surgery",80
"PAT-8bebbeb2","Steve Paul",4,"2025-01-22","2025-01-31","surgery",61
"PAT-ec245e75","Jasmine Beltran",73,"2025-05-24","2025-05-27","surgery",98
"PAT-254314e1","Jonathan Glass MD",85,"2025-12-10","2025-12-18","ICU",97
"PAT-15367ce5","Monica Miller",59,"2025-05-18","2025-05-21","general_medicine",91
"PAT-e9159794","Samantha Gardner",6,"2025-01-20","2025-01-30","emergency",63
"PAT-c8b28e19","Bobby Guerrero",85,"2025-08-20","2025-08-25","general_medicine",74
"PAT-367ddbef","Lance Simmons",85,"2025-04-02","2025-04-16","ICU",86
"PAT-c0a33763","Heather Williams",39,"2025-10-11","2025-10-21","surgery",61
"PAT-f894e827","Heather Bolton",24,"2025-09-11","2025-09-14","ICU",67
"PAT-88e17ded","William Gould",43,"2025-02-11","2025-02-15","emergency",94
"PAT-795870c2","Mark Cox",5,"2025-10-06","2025-10-15","general_medicine",78
"PAT-18fbae80","Meghan Cisneros",68,"2025-09-24","2025-10-02","general_medicine",71
"PAT-f344d86a","Lawrence Harrington",73,"2025-10-24","2025-10-28","ICU",96
"PAT-4d08cb63","Austin Osborne",84,"2025-02-24","2025-03-05","ICU",74
"PAT-12b5c5f7","James Bradley",47,"2025-04-14","2025-04-16","surgery",79
"PAT-afbd6440","Meghan Rush",69,"2025-09-20","2025-09-23","ICU",62
"PAT-45c8f5a0","Phillip Berry",26,"2025-12-29","2026-01-06","surgery",97
"PAT-0f73df9c","Jennifer Banks",32,"2025-05-09","2025-05-16","ICU",67
"PAT-46d4e74c","Brian Fitzgerald",31,"2025-06-25","2025-07-06","ICU",96
"PAT-4155dae7","Mr. Justin Green III",3,"2025-09-03","2025-09-06","surgery",91
"PAT-345029ce","Zachary Mitchell",8,"2025-10-29","2025-11-05","ICU",75
"PAT-2eab6131","Katherine Martinez",0,"2025-04-19","2025-04-26","general_medicine",80
"PAT-0977392c","Jodi Roach",29,"2025-06-11","2025-06-15","emergency",87
"PAT-3525a2c3","Brandon Fleming",58,"2025-05-08","2025-05-19","general_medicine",64
"PAT-2a3a6029","Emma Reed",24,"2025-12-19","2025-12-23","general_medicine",84
"PAT-3bafaea3","Joshua Vance",19,"2025-06-03","2025-06-17","surgery",64
"PAT-a0e7b02a","Michelle Ho",60,"2025-09-22","2025-09-26","ICU",97
"PAT-0f5b9763","Rebecca Hicks",49,"2025-07-30","2025-08-11","surgery",70
"PAT-f8324089","Curtis Taylor",65,"2025-12-30","2026-01-11","general_medicine",68
"PAT-d4fc50d8","Allison Spencer",84,"2025-08-14","2025-08-20","ICU",62
"PAT-67380558","Robert Arnold",75,"2025-10-13","2025-10-23","ICU",80
"PAT-7aeac4f3","Angelica Parker",27,"2025-08-06","2025-08-20","ICU",92
"PAT-ba250943","Dr. Kelly Hammond DVM",84,"2025-06-29","2025-07-01","general_medicine",77
"PAT-27c077ef","William Day",57,"2025-10-06","2025-10-12","general_medicine",76
"PAT-d6ffd992","Michael Cooper",68,"2025-05-19","2025-06-02","ICU",74
"PAT-76ff44cb","Penny Bowman",34,"2025-07-31","2025-08-13","emergency",75
"PAT-3b95ce51","Vincent Reynolds",33,"2025-09-05","2025-09-17","surgery",98
"PAT-686bfae7","Amy Martinez",69,"2025-05-28","2025-06-09","emergency",60
"PAT-b918d4e2","Christopher Morris",71,"2025-12-09","2025-12-12","general_medicine",63
"PAT-77822025","Hannah Everett",57,"2025-10-30","2025-11-05","emergency",74
"PAT-7fad2aee","Sarah King",62,"2025-08-15","2025-08-24","emergency",73
"PAT-3379da7e","Krista Martinez",75,"2025-02-08","2025-02-17","emergency",94
"PAT-21e42b2b","Joseph Shaw",76,"2025-07-29","2025-08-01","general_medicine",92
"PAT-a7f7e606","Todd Moore",5,"2025-08-07","2025-08-14","general_medicine",86
"PAT-6a9f0d15","Michelle Jacobs",45,"2025-05-22","2025-05-26","surgery",67
"PAT-ffc1144e","Kristy Bryan",61,"2025-05-27","2025-06-10","general_medicine",73
"PAT-6813152c","Angel May",83,"2025-10-08","2025-10-16","emergency",83
"PAT-10f41869","Marilyn Wang",13,"2025-04-12","2025-04-19","surgery",81
"PAT-67adae39","Mark Jimenez",47,"2025-03-24","2025-04-07","emergency",62
"PAT-5b68244f","Donna Frye",41,"2025-07-20","2025-08-01","general_medicine",79
"PAT-b4290793","Dr. Michael Evans",44,"2025-07-25","2025-08-03","general_medicine",78
"PAT-411f8861","Anthony Gonzales",46,"2025-04-30","2025-05-06","ICU",95
"PAT-1321d568","Mr. Lawrence Edwards",39,"2025-10-13","2025-10-22","emergency",92
"PAT-74867ab0","Morgan Valencia",51,"2025-05-22","2025-06-02","emergency",94
"PAT-ca39f1e1","Bianca Wood",58,"2025-08-10","2025-08-19","surgery",63
"PAT-32c5535c","Emma Owens",67,"2025-09-21","2025-09-23","ICU",81
"PAT-4583c07a","David Davis",40,"2025-05-07","2025-05-14","ICU",75
"PAT-1aacdb2d","James Gilbert",61,"2025-06-07","2025-06-19","emergency",94
"PAT-5ba32100","Sean Moore",10,"2025-02-19","2025-02-24","ICU",80
"PAT-fd037d8f","Kenneth Edwards",68,"2025-10-03","2025-10-08","ICU",62
"PAT-ce70039d","Kathleen Robertson",43,"2025-07-20","2025-08-02","emergency",68
"PAT-15a26fca","Mr. Alexander Landry MD",67,"2025-08-04","2025-08-05","general_medicine",67
"PAT-44becca8","Cindy Gomez",44,"2025-11-28","2025-12-04","general_medicine",71
"PAT-58e12445","Johnny Khan",45,"2025-01-15","2025-01-24","general_medicine",78
"PAT-c1f5c251","Julie Herrera",25,"2025-04-03","2025-04-09","ICU",99
"PAT-22e514d2","Jessica Khan",20,"2025-02-07","2025-02-11","general_medicine",88
"PAT-96af7c34","Pamela Diaz",50,"2025-11-07","2025-11-14","ICU",87
"PAT-41d1a181","Kelly Lee",27,"2025-03-17","2025-03-30","ICU",62
"PAT-301d1f28","Angel Gordon",85,"2025-07-13","2025-07-21","ICU",93
"PAT-092d752e","Diana Hays",54,"2025-09-14","2025-09-22","emergency",82
"PAT-f93d4260","Barbara Hester",37,"2025-08-02","2025-08-11","surgery",77
"PAT-1d55b217","Robert Morgan",16,"2025-09-25","2025-10-01","emergency",85
"PAT-9afa1171","Nicole Gonzalez",26,"2025-12-28","2025-12-29","ICU",88
"PAT-8d32ebab","Kathryn Williams",39,"2025-10-18","2025-10-31","surgery",79
"PAT-14171b1d","Gary Wells",55,"2025-05-21","2025-06-03","emergency",97
"PAT-d0d89050","Larry Robertson",48,"2025-07-09","2025-07-17","surgery",79
"PAT-92f8e4bd","Louis Martin",89,"2025-12-07","2025-12-12","general_medicine",68
"PAT-f45dc598","Nancy Evans MD",87,"2025-11-01","2025-11-10","emergency",76
"PAT-3e5b33b6","Kim Erickson",87,"2025-11-03","2025-11-14","emergency",98
"PAT-cdd8d70b","Robert Richardson",54,"2025-02-08","2025-02-21","emergency",70
"PAT-d5b3c5bd","Veronica Silva",18,"2025-11-29","2025-12-13","general_medicine",60
"PAT-c0589f05","Molly Watts",39,"2025-01-19","2025-01-31","ICU",67
"PAT-ebb0fd45","John Coffey",71,"2025-04-19","2025-05-01","emergency",92
"PAT-8ab0d795","Paula Lane",44,"2025-04-13","2025-04-25","surgery",64
"PAT-78c92ad4","Lauren Jackson",7,"2025-12-13","2025-12-27","emergency",82
"PAT-71578f0d","Lisa Randall",29,"2025-08-03","2025-08-04","emergency",79
"PAT-f804d47a","Michael Johnson",81,"2025-11-20","2025-12-04","surgery",92
"PAT-1112a754","Ashley Smith",35,"2025-05-27","2025-06-08","surgery",99
"PAT-e9c66e7a","Christian Vaughn",83,"2025-08-13","2025-08-25","emergency",74
"PAT-797179a8","Reginald Knapp",40,"2025-09-15","2025-09-28","general_medicine",69
"PAT-0cdbda5c","Nancy Brown",65,"2025-11-27","2025-12-10","general_medicine",69
"PAT-2d5f4210","Daniel Nguyen",13,"2025-02-20","2025-02-26","surgery",68
"PAT-a95f6d9a","Kelly Edwards",38,"2025-09-16","2025-09-20","ICU",65
"PAT-8a8a2306","Thomas Peterson",26,"2025-01-02","2025-01-15","emergency",97
"PAT-5fa02ec0","Raymond Le",2,"2025-12-16","2025-12-24","ICU",61
"PAT-7ea2b8a9","Melissa Bishop",80,"2025-09-25","2025-09-28","emergency",60
"PAT-af3e8f0a","David Grant",54,"2025-12-23","2025-12-28","emergency",90
"PAT-08cfcfe4","William Evans",24,"2025-10-21","2025-11-02","general_medicine",80
"PAT-ec73ad08","Daniel Bush",53,"2025-05-26","2025-05-30","general_medicine",94
"PAT-feed729e","Gregory Peck",44,"2025-03-14","2025-03-19","general_medicine",97
"PAT-ce009d6c","Denise Martinez",29,"2025-12-30","2026-01-01","ICU",91
"PAT-644e794a","Jamie Baird",66,"2025-06-05","2025-06-17","general_medicine",74
"PAT-c30d956f","Tina Ballard",40,"2025-01-23","2025-01-31","general_medicine",70
"PAT-d5107b3f","Dwayne Klein",47,"2025-11-09","2025-11-15","ICU",95
"PAT-3dc38162","Jeremy Scott",32,"2025-06-16","2025-06-18","ICU",87
"PAT-b3d36402","Dale Ryan",36,"2025-07-15","2025-07-20","general_medicine",60
"PAT-d4cb5f94","Melissa Taylor",64,"2025-05-28","2025-05-31","general_medicine",88
"PAT-98de3daa","Laurie Sanchez",73,"2025-05-06","2025-05-17","ICU",97
"PAT-57cfea87","Kiara Little",63,"2025-06-25","2025-06-29","emergency",71
"PAT-2cd729ed","Jason Love",64,"2025-04-23","2025-05-06","general_medicine",64
"PAT-58a77385","Randy Smith",29,"2025-12-10","2025-12-21","ICU",62
"PAT-217cc5b5","Tanya Russell",74,"2025-09-17","2025-09-27","emergency",86
"PAT-71152f09","Sherry Woods",45,"2025-12-29","2026-01-09","surgery",65
"PAT-66715fd4","Victor Morris",58,"2025-09-02","2025-09-16","emergency",96
"PAT-7a6aaa25","Susan Davis",36,"2025-05-04","2025-05-09","surgery",94
"PAT-b9cb708e","Kimberly Sharp",86,"2025-07-15","2025-07-17","surgery",68
"PAT-2ca10907","Susan Thompson",28,"2025-02-28","2025-03-14","emergency",76
"PAT-8ae5951e","Casey Gillespie",21,"2025-03-10","2025-03-15","ICU",72
"PAT-1b2195ca","Jennifer Simpson DVM",33,"2025-12-08","2025-12-13","emergency",82
"PAT-0f24de9a","Tammy Mcdowell",50,"2025-02-11","2025-02-13","general_medicine",91
"PAT-ed96c501","Keith Rodriguez",50,"2025-12-07","2025-12-21","surgery",80
"PAT-bc8933d5","Mrs. Virginia Daniels",43,"2025-12-25","2025-12-29","general_medicine",60
"PAT-899829ab","Todd Rosales MD",62,"2025-05-05","2025-05-08","ICU",72
"PAT-63f06a70","Brian Martin",10,"2025-09-30","2025-10-03","ICU",77
"PAT-1def560a","David Lopez",85,"2025-06-01","2025-06-11","emergency",78
"PAT-3764a931","Rachel Bradley",36,"2025-12-07","2025-12-15","general_medicine",87
"PAT-5228b8e2","Casey Chase",4,"2025-04-11","2025-04-15","emergency",78
"PAT-bfab57a1","Samantha Robertson",63,"2025-04-27","2025-04-29","general_medicine",70
"PAT-40e4a08e","Michael Lopez",53,"2025-02-16","2025-02-28","emergency",80
"PAT-153d6e29","Franklin Wright",10,"2025-01-05","2025-01-06","general_medicine",79
"PAT-875ff60a","David Molina",40,"2025-01-12","2025-01-18","surgery",76
"PAT-98218167","Elizabeth Sharp",18,"2025-10-31","2025-11-12","surgery",91
"PAT-4b0d36e5","Matthew Schwartz",69,"2025-07-02","2025-07-12","general_medicine",95
"PAT-5ee95f95","Bryan Parker",74,"2025-08-04","2025-08-11","emergency",74
"PAT-bb0d37fb","Jonathan Jacobson",26,"2025-07-11","2025-07-20","general_medicine",76
"PAT-b7a3a7b5","Emily Wilson",50,"2025-08-07","2025-08-09","emergency",87
"PAT-965208ae","Elizabeth Mendez",50,"2025-08-27","2025-08-31","general_medicine",66
"PAT-e21e7d5d","Casey Hernandez",34,"2025-11-25","2025-12-03","ICU",76
"PAT-5d29efde","Lisa Perry",80,"2025-08-13","2025-08-21","emergency",78
"PAT-c6173e0e","Kaitlin Medina",62,"2025-11-19","2025-11-30","surgery",64
"PAT-27a4ae9d","Colleen Wright",12,"2025-07-08","2025-07-15","general_medicine",75
"PAT-cbf5ef6b","Shelley Miller",21,"2025-08-02","2025-08-13","emergency",62
"PAT-f2c06525","Michael Miller",53,"2025-10-25","2025-11-08","surgery",80
"PAT-91fbb614","Amy Kelley",79,"2025-07-13","2025-07-22","ICU",83
"PAT-3c3b686e","Laura Hernandez",34,"2025-10-13","2025-10-22","ICU",89
"PAT-0b7a9b1a","Joseph Wilson",46,"2025-01-19","2025-01-21","general_medicine",67
"PAT-e0528d5b","Kevin Davis",25,"2025-11-23","2025-12-07","emergency",66
"PAT-91801a46","Rhonda Chavez",66,"2025-10-19","2025-10-28","emergency",96
"PAT-6fc0d4bc","Joyce Brown",0,"2025-02-06","2025-02-19","general_medicine",99
"PAT-8cc62151","Robert Cummings",7,"2025-07-07","2025-07-16","emergency",60
"PAT-6f6aab68","Robert Reese",35,"2025-07-13","2025-07-21","general_medicine",82
"PAT-32bcc4bc","Amber Cooper",8,"2025-09-17","2025-10-01","surgery",90
"PAT-68f98442","Zachary Michael",74,"2025-03-13","2025-03-16","general_medicine",73
"PAT-75899c2c","Timothy Johnson",59,"2025-06-22","2025-06-24","emergency",78
"PAT-bd4c2b5a","Randy Cannon",15,"2025-05-25","2025-06-01","surgery",93
"PAT-d76b4457","Maria Fisher",15,"2025-07-07","2025-07-09","surgery",61
"PAT-1b2fe77a","Janet Kane DVM",89,"2025-07-03","2025-07-15","emergency",93
"PAT-b1c0d6fc","Michael Stanley",38,"2025-08-03","2025-08-17","general_medicine",86
"PAT-ac74c7d9","Martha Bailey",52,"2025-11-17","2025-11-18","general_medicine",89
"PAT-b10b358e","Joshua Rice",52,"2025-01-21","2025-01-24","emergency",78
"PAT-7d80fdf8","Courtney Smith",56,"2025-08-02","2025-08-03","emergency",82
"PAT-4d723c2b","Edwin Nunez",31,"2025-03-15","2025-03-25","surgery",95
"PAT-20e12483","Kim Morrow",71,"2025-02-21","2025-02-25","surgery",91
"PAT-0a43159b","Gregory Hill",13,"2025-02-22","2025-03-02","surgery",74
"PAT-648c8bc7","Molly Rodriguez",21,"2025-07-10","2025-07-14","surgery",72
"PAT-a1761f12","Jennifer Miranda",58,"2025-09-21","2025-09-23","general_medicine",71
"PAT-4428a64a","Alexis Harris",30,"2025-10-17","2025-10-19","surgery",93
"PAT-7472f19a","Andrew Harper",74,"2025-07-23","2025-07-24","emergency",74
"PAT-456107ba","Amber Yang",56,"2025-08-29","2025-09-08","general_medicine",88
"PAT-55d9fc4e","David Robinson",25,"2025-04-06","2025-04-12","surgery",97
"PAT-0fb05dda","Amy Gordon",80,"2025-03-29","2025-03-31","general_medicine",67
"PAT-21f7def6","Robert Dennis",40,"2025-11-21","2025-12-03","surgery",88
"PAT-c53eaa83","Kyle Chambers",27,"2025-05-01","2025-05-02","general_medicine",78
"PAT-9f30d836","Eric Thomas",8,"2025-06-11","2025-06-23","general_medicine",63
"PAT-c36208df","Connie Turner",81,"2025-11-03","2025-11-16","general_medicine",78
"PAT-954bb8a1","Travis Hobbs",48,"2025-04-22","2025-04-30","surgery",71
"PAT-e23ed8bc","Lori Simmons",50,"2025-07-05","2025-07-12","emergency",85
"PAT-c586fb1a","William David DDS",28,"2025-11-12","2025-11-23","emergency",84
"PAT-f2a1c816","Emma Butler",54,"2025-06-24","2025-07-01","surgery",80
"PAT-4a9c8a71","James Webster",20,"2025-01-13","2025-01-18","general_medicine",92
"PAT-0ced5480","Samuel Turner",23,"2025-01-11","2025-01-12","ICU",63
"PAT-31dd253c","Renee Melendez",46,"2025-04-04","2025-04-13","emergency",80
"PAT-2b9ef954","Tracy Grant",83,"2025-07-30","2025-08-11","general_medicine",96
"PAT-27519dd1","David Harris",41,"2025-04-11","2025-04-17","emergency",98
"PAT-e516fb11","Tammy Boone",27,"2025-02-10","2025-02-13","ICU",77
"PAT-7e498fde","Nathaniel Lee",77,"2025-08-24","2025-09-02","general_medicine",66
"PAT-07a9ee88","Michael Morrison",12,"2025-08-17","2025-08-30","surgery",95
"PAT-c671db5c","Chelsea Gill",30,"2025-01-16","2025-01-25","surgery",68
"PAT-1d334b29","Kristin Mendoza",37,"2025-11-06","2025-11-14","general_medicine",81
"PAT-637291af","Felicia Krueger",86,"2025-08-25","2025-08-27","emergency",68
"PAT-5ec9e0ff","Timothy Hayden",87,"2025-09-20","2025-09-24","ICU",77
"PAT-fc0fba74","Zachary Mendoza",2,"2025-11-22","2025-12-04","ICU",80
"PAT-7831a60c","Larry Harris",27,"2025-11-06","2025-11-12","ICU",60
"PAT-4d8aaa7b","Kristen Rowe",20,"2025-08-23","2025-08-26","ICU",72
"PAT-4b2d028b","Joseph Howard",56,"2025-04-28","2025-05-04","emergency",69
"PAT-673f9fe1","Jose Crawford",52,"2025-10-30","2025-11-04","ICU",69
"PAT-f3116f83","William Harrison",45,"2025-06-14","2025-06-20","emergency",83
"PAT-cc436e98","Suzanne Wood",1,"2025-12-03","2025-12-07","surgery",73
"PAT-9a867125","Justin Walker",9,"2025-04-21","2025-04-27","general_medicine",76
"PAT-03f5abbe","Dean Donovan",11,"2025-01-24","2025-02-06","surgery",84
"PAT-c3cf62f7","Jennifer Hernandez",59,"2025-08-18","2025-08-19","surgery",79
"PAT-bd6118dc","James Whitaker",27,"2025-06-24","2025-06-25","ICU",99
"PAT-b552e40a","Mr. Michael Scott PhD",57,"2025-10-10","2025-10-16","ICU",89
"PAT-475c1770","Maria Henry",33,"2025-05-14","2025-05-21","emergency",91
"PAT-07c275e3","Robert Jackson",24,"2025-02-24","2025-03-06","emergency",66
"PAT-894839fd","Katherine Stark",56,"2025-01-12","2025-01-23","surgery",95
"PAT-da8312ed","Maria Brown",76,"2025-08-16","2025-08-19","general_medicine",68
"PAT-159b170a","Ryan Landry",31,"2025-09-21","2025-09-22","general_medicine",82
"PAT-281c31d6","Pamela Gutierrez",88,"2025-02-14","2025-02-20","ICU",63
"PAT-366e54bd","Crystal Mann",66,"2025-06-06","2025-06-08","emergency",93
"PAT-9206ac07","Jonathan Brooks",27,"2025-03-20","2025-04-01","emergency",82
"PAT-4afc065e","Mary Jensen",43,"2025-01-04","2025-01-14","surgery",99
"PAT-233cf65d","Mr. Aaron Arnold",8,"2025-05-13","2025-05-21","general_medicine",91
"PAT-e4c5c9cb","Joseph Hill",83,"2025-11-27","2025-12-09","surgery",81
"PAT-6ac51a4a","Alicia Li",16,"2025-03-31","2025-04-12","general_medicine",66
"PAT-207eeee9","Renee Browning",56,"2025-01-25","2025-02-04","surgery",78
"PAT-bdf625cd","Brent Hernandez",10,"2025-06-30","2025-07-08","emergency",99
"PAT-95b718f5","Joseph Ochoa",67,"2025-12-17","2025-12-29","general_medicine",70
"PAT-553df120","James Watson",64,"2025-06-24","2025-06-28","emergency",97
"PAT-e0426fb6","Karl Branch",87,"2025-07-07","2025-07-16","surgery",90
"PAT-baaa8d0d","Michael Abbott",45,"2025-10-09","2025-10-10","surgery",64
"PAT-7be09c6f","Shannon Malone",83,"2025-12-27","2026-01-07","ICU",92
"PAT-d3985fe7","James Tran",49,"2025-08-14","2025-08-27","surgery",80
"PAT-09edc78a","Adam Jackson",45,"2025-10-21","2025-11-04","emergency",81
"PAT-897e4be6","Mr. Richard Knight PhD",61,"2025-03-19","2025-03-29","surgery",72
"PAT-d1449d33","Joseph Williams",2,"2025-01-06","2025-01-19","surgery",67
"PAT-236e8970","Sean Clay",43,"2025-08-23","2025-09-04","emergency",92
"PAT-3477ec8b","Anthony Jones",80,"2025-11-27","2025-12-10","ICU",70
"PAT-6ac55517","Stephanie Elliott",27,"2025-03-11","2025-03-20","ICU",75
"PAT-a7915775","Timothy Edwards",67,"2025-09-09","2025-09-17","general_medicine",85
"PAT-64f49895","Laurie Goodwin",61,"2025-11-28","2025-12-09","emergency",96
"PAT-b3a107ff","Jennifer Jones",88,"2025-01-19","2025-01-26","surgery",97
"PAT-5f71cf54","David Davenport",81,"2025-09-17","2025-09-29","surgery",88
"PAT-c2eeaec2","Steven Rivera",58,"2025-12-20","2025-12-21","emergency",75
"PAT-5e8ef805","Brenda Hinton",65,"2025-09-04","2025-09-12","surgery",72
"PAT-51be495d","Kathryn Mccann",7,"2025-12-18","2025-12-22","surgery",89
"PAT-76b8f034","Jeffrey Roberson",64,"2025-02-08","2025-02-09","general_medicine",79
"PAT-1a4bb823","Randy Friedman",87,"2025-12-08","2025-12-21","surgery",81
"PAT-69c66880","Raymond Johnson",43,"2025-03-15","2025-03-19","emergency",96
"PAT-4e3684c3","Willie Henry",27,"2025-09-12","2025-09-23","surgery",80
"PAT-4dfe566b","Todd Reynolds",87,"2025-09-09","2025-09-17","surgery",61
"PAT-17ceaafc","Mary Miller",54,"2025-04-01","2025-04-07","ICU",96
"PAT-633e82db","Rebecca Marquez",26,"2025-12-15","2025-12-18","emergency",72
"PAT-431e5a3d","Christian Dawson",44,"2025-08-16","2025-08-25","surgery",86
"PAT-0d73fc32","Nancy Stewart",33,"2025-05-09","2025-05-18","general_medicine",88
"PAT-0f8876bf","Aaron Parker",70,"2025-11-19","2025-11-23","emergency",79
"PAT-120a3270","Derrick Anderson",34,"2025-04-23","2025-04-30","general_medicine",86
"PAT-2d4ae2a6","Jerry Peters",89,"2025-01-17","2025-01-19","surgery",88
"PAT-06a8ea25","Alexander Gomez",83,"2025-04-01","2025-04-03","emergency",63
"PAT-3f935d42","Kyle Nguyen",64,"2025-09-14","2025-09-24","surgery",85
"PAT-eaf3d995","Edgar Hughes",19,"2025-12-09","2025-12-19","ICU",70
"PAT-fafd3c1f","Steven Stein",40,"2025-07-12","2025-07-13","emergency",81
"PAT-d8d3e8e6","Laura Jackson",40,"2025-03-09","2025-03-14","emergency",70
"PAT-33a6b3b7","Charles Turner",55,"2025-05-29","2025-06-01","general_medicine",71
"PAT-3b7a6a71","Arthur Hamilton MD",25,"2025-04-19","2025-05-01","general_medicine",66
"PAT-3abe7e51","Mr. David Wright",46,"2025-11-23","2025-12-03","general_medicine",99
"PAT-828e43f6","Linda Gonzalez",4,"2025-05-12","2025-05-19","emergency",79
"PAT-f0b826f4","Eric Rush",14,"2025-04-26","2025-05-09","surgery",88
"PAT-4252f4aa","Manuel Brock",7,"2025-05-27","2025-06-03","emergency",87
"PAT-f0121d06","George Ochoa",67,"2025-09-28","2025-10-01","surgery",96
"PAT-a7f5edb5","Valerie Taylor",0,"2025-10-07","2025-10-18","general_medicine",99
"PAT-a67c43c0","Travis Harris",62,"2025-06-13","2025-06-15","emergency",88
"PAT-f7527244","Vincent Novak",23,"2025-01-04","2025-01-07","ICU",93
"PAT-0e5edb85","Michael Henry",56,"2025-06-30","2025-07-08","emergency",82
"PAT-48e68823","Dana Bennett",68,"2025-09-11","2025-09-16","general_medicine",65
"PAT-700dfc8e","Jenna Wilson",56,"2025-06-17","2025-06-24","surgery",98
"PAT-62535599","Leslie Gardner",37,"2025-11-13","2025-11-17","emergency",62
"PAT-78fbf23e","Krista Benton",50,"2025-10-30","2025-11-03","surgery",87
"PAT-c992d6dc","Michael Gonzales",75,"2025-08-27","2025-09-05","surgery",64
"PAT-78e6425f","Michael Fuentes",12,"2025-11-10","2025-11-12","general_medicine",89
"PAT-608c9812","Jennifer Porter",61,"2025-01-25","2025-02-05","emergency",73
"PAT-6d0c98de","Dana Hopkins",56,"2025-02-16","2025-02-22","surgery",95
"PAT-4102c22f","Rachel Jones",38,"2025-01-22","2025-01-27","ICU",80
"PAT-99cf78d9","Karen Morales DDS",71,"2025-09-29","2025-10-10","emergency",90
"PAT-f0066d28","Melissa Stephens",41,"2025-02-01","2025-02-12","surgery",93
"PAT-3e469538","Heather Woodard",8,"2025-05-19","2025-05-29","emergency",81
"PAT-ec3ac1ec","Margaret Miller",16,"2025-02-17","2025-02-21","ICU",84
"PAT-274cecf8","Mary Kelly",20,"2025-04-12","2025-04-13","emergency",60
"PAT-3ca8e0e7","Amanda Terrell",62,"2025-02-20","2025-02-24","emergency",76
"PAT-41d3ebd2","Jennifer Goodwin",87,"2025-04-14","2025-04-21","surgery",65
"PAT-487252c6","Jessica Smith",0,"2025-06-16","2025-06-29","general_medicine",76
"PAT-b00a1c8a","Jorge Stone",33,"2025-06-18","2025-07-01","general_medicine",68
"PAT-fe5fc1e8","Laura Griffin",12,"2025-09-19","2025-09-23","surgery",62
"PAT-20f95ce5","Raymond Chapman",80,"2025-02-18","2025-03-02","general_medicine",60
"PAT-b32de03e","Haley Johnson",80,"2025-09-28","2025-10-02","general_medicine",91
"PAT-e9f8507e","Jason Nixon",67,"2025-12-05","2025-12-16","surgery",94
"PAT-476d27b6","Todd Thomas",77,"2025-10-16","2025-10-30","surgery",93
"PAT-c1339d9f","Jesse Clark",60,"2025-08-04","2025-08-15","general_medicine",88
"PAT-b129e285","Mr. Jeffrey Horton",82,"2025-06-17","2025-06-20","surgery",60
"PAT-d0ca3709","Eric Patrick",68,"2025-12-02","2025-12-08","general_medicine",99
"PAT-b2e7e433","Samuel Wong",12,"2025-11-16","2025-11-30","ICU",94
"PAT-b508e693","Carly Riggs",18,"2025-03-21","2025-04-01","ICU",69
"PAT-e0c6b792","Christopher Moore",88,"2025-04-05","2025-04-09","ICU",82
"PAT-1f02565c","Tina Hall",1,"2025-01-22","2025-01-25","ICU",96
"PAT-9d0a8b4f","Cody Davidson",71,"2025-07-25","2025-08-02","general_medicine",62
"PAT-0bc36736","Allen Mendez",15,"2025-03-24","2025-03-27","general_medicine",77
"PAT-830ce447","Kevin Price",79,"2025-05-04","2025-05-05","ICU",71
"PAT-22448826","Christine Goodwin",52,"2025-10-10","2025-10-22","general_medicine",76
"PAT-85f8f76d","Amy Garcia",5,"2025-01-05","2025-01-14","emergency",87
"PAT-ca8b7c4f","Chelsea Nguyen",77,"2025-04-28","2025-05-06","emergency",92
"PAT-1a39f5ef","Dennis Huffman",61,"2025-01-19","2025-01-25","surgery",64
"PAT-84d9b53b","Margaret Harper",65,"2025-02-16","2025-02-23","surgery",63
"PAT-2f062625","Laurie Bailey",32,"2025-03-25","2025-03-31","emergency",66
"PAT-50e9a26e","Lisa Cervantes",78,"2025-01-14","2025-01-21","general_medicine",78
"PAT-c3770ed2","Elizabeth Mendez",53,"2025-09-05","2025-09-09","emergency",88
"PAT-8b4592fd","Cesar Wilson",23,"2025-11-15","2025-11-25","surgery",67
"PAT-65dd44b9","Clayton Steele",89,"2025-06-06","2025-06-16","surgery",76
"PAT-b945140c","Jennifer Taylor",65,"2025-02-27","2025-03-04","surgery",87
"PAT-b0296eda","Cody Reid",61,"2025-03-23","2025-04-02","emergency",79
"PAT-461d939d","Maria Cooke",40,"2025-08-07","2025-08-08","emergency",71
"PAT-c5d69767","Katherine Taylor",70,"2025-09-23","2025-09-25","general_medicine",84
"PAT-896954ce","Jerry Brown",34,"2025-01-02","2025-01-14","ICU",83
"PAT-76b1239a","Adam Taylor",73,"2025-01-22","2025-02-01","surgery",98
"PAT-9f7441a4","Tracey Wagner",28,"2025-08-18","2025-08-22","general_medicine",86
"PAT-32b3846f","Michael Perry PhD",40,"2025-05-28","2025-06-09","surgery",78
"PAT-04be60be","Bradley Johnson DDS",83,"2025-11-18","2025-12-02","general_medicine",93
"PAT-06d975bc","Donald Medina",21,"2025-05-14","2025-05-25","general_medicine",69
"PAT-edd51a1d","Jim Newton",72,"2025-12-18","2025-12-24","emergency",95
"PAT-25e652d5","Krista Wilson",58,"2025-09-15","2025-09-28","ICU",63
"PAT-be6b1a7e","Reginald Morrow",64,"2025-06-03","2025-06-12","general_medicine",69
"PAT-5f036208","Rodney Williams",52,"2025-11-11","2025-11-17","general_medicine",80
"PAT-3c5ad566","Kimberly Fritz",21,"2025-04-08","2025-04-22","ICU",84
"PAT-1cb58eb1","Ronald Potter",27,"2025-10-28","2025-11-01","emergency",66
"PAT-84383577","Zachary Cole",48,"2025-06-13","2025-06-16","emergency",60
"PAT-3387a766","Robert Gonzales",9,"2025-03-14","2025-03-27","ICU",91
"PAT-534552ce","Patricia Young PhD",31,"2025-06-25","2025-07-01","surgery",76
"PAT-bcfd658d","Heather Page",73,"2025-10-10","2025-10-16","surgery",94
"PAT-b790e9a4","Carol Taylor",84,"2025-09-28","2025-10-02","general_medicine",88
"PAT-b963abd9","Daniel Brown",72,"2025-09-05","2025-09-17","general_medicine",76
"PAT-4da378df","Douglas Ryan",42,"2025-02-10","2025-02-20","emergency",79
"PAT-a269a666","Michael Roberts",39,"2025-09-02","2025-09-09","general_medicine",91
"PAT-f1d58f18","Scott Duke",51,"2025-03-04","2025-03-05","general_medicine",64
"PAT-8718ccfc","Anna Estes",42,"2025-10-17","2025-10-25","ICU",70
"PAT-7fde7abd","Tamara Riddle",60,"2025-11-14","2025-11-24","surgery",92
"PAT-fe962113","Beth Cline",74,"2025-12-04","2025-12-18","ICU",69
"PAT-3e9880ae","Michael Poole",81,"2025-05-07","2025-05-10","surgery",95
"PAT-7b81d6a8","Megan Burns",58,"2025-03-18","2025-03-26","general_medicine",62
"PAT-8d50679f","Debra Perry",73,"2025-11-17","2025-11-24","surgery",86
"PAT-eb2eaf54","Mark Beard",7,"2025-07-28","2025-08-06","general_medicine",65
"PAT-b96272b5","Jose Ramirez",88,"2025-10-11","2025-10-12","general_medicine",96
"PAT-24ea0371","Jackie Clements",8,"2025-02-25","2025-03-08","surgery",80
"PAT-0b1acdd9","Aaron Schroeder",1,"2025-02-27","2025-03-10","emergency",97
"PAT-0c687528","Monica Ellis",39,"2025-04-24","2025-05-06","ICU",96
"PAT-c15e9cfe","Heather Brown",78,"2025-01-18","2025-01-20","ICU",81
"PAT-b24cb337","Claudia Jordan",10,"2025-07-04","2025-07-17","surgery",63
"PAT-7089b3a1","Derrick Clayton",85,"2025-05-15","2025-05-28","ICU",83
"PAT-2bd39b2c","Kenneth Knight",67,"2025-07-26","2025-07-27","ICU",62
"PAT-f9cab28a","Mr. Michael Williams",77,"2025-08-30","2025-09-08","surgery",60
"PAT-0865f855","Richard Stevens",37,"2025-05-13","2025-05-14","emergency",69
"PAT-04866ac6","Scott Alexander",20,"2025-04-19","2025-04-23","surgery",78
"PAT-c7e881c9","Tyler Harris",34,"2025-03-10","2025-03-11","ICU",63
"PAT-f4883a1d","Bonnie Santos",11,"2025-10-10","2025-10-18","ICU",82
"PAT-55f61bb9","Timothy Hill",24,"2025-03-02","2025-03-12","emergency",83
"PAT-268d03da","Danielle Watson",24,"2025-11-07","2025-11-21","emergency",91
"PAT-38e43674","Carol Sanders",54,"2025-02-05","2025-02-19","ICU",98
"PAT-cbb0e264","Michael Young",79,"2025-08-01","2025-08-14","emergency",68
"PAT-25bc9f19","Michele Smith",5,"2025-04-19","2025-04-22","general_medicine",98
"PAT-6634a1f1","Casey Perez",21,"2025-04-28","2025-05-03","emergency",82
"PAT-615c986b","Alexandra Dominguez",80,"2025-11-09","2025-11-15","ICU",68
"PAT-4ddbb040","Virginia Henderson",28,"2025-06-14","2025-06-21","general_medicine",72
"PAT-3d0428f5","Benjamin Reyes",31,"2025-04-22","2025-04-29","surgery",76
"PAT-3a13e9c9","Ashley Edwards",84,"2025-05-14","2025-05-26","surgery",77
"PAT-4cda6597","Breanna Ayala",21,"2025-10-16","2025-10-30","surgery",76
"PAT-4700c8eb","Brandi Haney",31,"2025-05-02","2025-05-12","surgery",95
"PAT-2c237d3c","Joseph Smith",33,"2025-08-22","2025-09-03","emergency",70
"PAT-672d2045","Jessica Bowen",77,"2025-09-04","2025-09-10","general_medicine",78
"PAT-14fa7097","Brittany Jenkins",14,"2025-06-01","2025-06-09","surgery",68
"PAT-a3b4d804","Shannon Miller",46,"2025-01-19","2025-01-22","emergency",69
"PAT-48c5fe53","Paul Lawrence",39,"2025-12-20","2025-12-23","general_medicine",72
"PAT-422edaf2","Victor Edwards",0,"2025-04-03","2025-04-16","surgery",88
"PAT-a9312113","Donald Miller",38,"2025-12-10","2025-12-20","ICU",76
"PAT-b49f691c","Lindsay Lawson",70,"2025-11-21","2025-12-01","emergency",62
"PAT-46dc1924","Melissa Abbott",6,"2025-11-01","2025-11-08","surgery",60
"PAT-827400ac","Elizabeth Holmes",61,"2025-06-20","2025-06-29","emergency",62
"PAT-4b5dcf1f","Nicole Phillips",78,"2025-04-27","2025-05-08","emergency",91
"PAT-543309ab","Steven Blevins",25,"2025-05-24","2025-06-02","ICU",87
"PAT-92910d72","Brian Porter MD",72,"2025-11-08","2025-11-09","ICU",88
"PAT-1a762a65","Vanessa Hatfield",85,"2025-12-30","2026-01-02","ICU",66
"PAT-ba4f5c45","Bonnie Valencia",77,"2025-12-05","2025-12-08","emergency",61
"PAT-4222124b","Holly Vega",40,"2025-09-28","2025-10-01","emergency",70
"PAT-2b471903","Tiffany Townsend",52,"2025-01-30","2025-02-08","surgery",99
"PAT-fb8fb2f8","Austin Baker",17,"2025-02-17","2025-02-19","general_medicine",91
"PAT-d5880b4b","Antonio Mccormick",7,"2025-01-06","2025-01-18","surgery",99
"PAT-b89b8c18","Lori Mason",35,"2025-08-08","2025-08-12","general_medicine",77
"PAT-46840f68","Michael Miller",65,"2025-02-14","2025-02-20","emergency",74
"PAT-8ef3ad8a","Lisa Ramirez",19,"2025-08-09","2025-08-20","ICU",88
"PAT-1674c12b","Jorge Harris",66,"2025-01-03","2025-01-09","general_medicine",73
"PAT-2c67a185","Kimberly Myers",63,"2025-02-28","2025-03-07","ICU",63
"PAT-cdd5ed12","Sandra Becker",59,"2025-11-27","2025-12-07","ICU",90
"PAT-76252633","Michael Blair",29,"2025-03-03","2025-03-04","general_medicine",68
"PAT-20043fb2","Amy Miller",30,"2025-11-13","2025-11-21","ICU",74
"PAT-c56092ce","Jesse Lynch",47,"2025-05-16","2025-05-25","emergency",96
"PAT-7d652ee5","Patrick Yang",44,"2025-10-22","2025-11-01","surgery",76
"PAT-1bc9130a","Michael Miles",82,"2025-02-13","2025-02-26","ICU",66
"PAT-3a0dbe38","Troy Mills",8,"2025-08-08","2025-08-14","general_medicine",88
"PAT-c165ed5f","Michelle Jackson",57,"2025-08-03","2025-08-06","emergency",80
"PAT-59afbd95","Richard Adams",63,"2025-10-19","2025-10-29","surgery",96
"PAT-f83eb12d","Patricia Johnson",85,"2025-11-28","2025-12-08","surgery",72
"PAT-cafc7802","Denise Brown",10,"2025-01-16","2025-01-24","surgery",99
"PAT-f1062bcb","Laura Jones",58,"2025-02-09","2025-02-22","emergency",61
"PAT-95a1ef39","Ian Porter",75,"2025-10-27","2025-11-07","surgery",74
"PAT-34dc7d4b","Holly Scott",79,"2025-08-06","2025-08-08","emergency",71
"PAT-434171f6","Kenneth Sharp",89,"2025-05-26","2025-06-09","general_medicine",91
"PAT-03ae75aa","Jordan Williams",61,"2025-08-27","2025-08-30","surgery",97
"PAT-b9e1e39a","Dana Ruiz",66,"2025-03-02","2025-03-03","surgery",89
"PAT-030f2b7d","Chris Velazquez",44,"2025-06-05","2025-06-10","ICU",72
"PAT-32c5b5bf","Kristen Sloan",26,"2025-10-05","2025-10-15","ICU",98
"PAT-59318a32","Jennifer Morris",52,"2025-07-26","2025-07-30","general_medicine",91
"PAT-750a0a30","Nathan Nelson",22,"2025-11-22","2025-11-30","general_medicine",79
"PAT-04a8031e","Jake Shaw",83,"2025-06-10","2025-06-22","ICU",67
"PAT-137f292a","Cassie Brock",0,"2025-03-04","2025-03-10","emergency",65
"PAT-b755d221","Dr. Andrea Marshall",20,"2025-06-12","2025-06-17","ICU",65
"PAT-90e7a0e1","Ryan Murphy",88,"2025-07-06","2025-07-14","ICU",99
"PAT-a91cb1a0","Aimee Gonzalez",28,"2025-04-14","2025-04-27","general_medicine",97
"PAT-4d9696ff","Elizabeth Dean",17,"2025-09-21","2025-10-02","surgery",92
"PAT-3d3a491d","Kevin Snyder",53,"2025-09-13","2025-09-19","emergency",86
"PAT-6d2b84ce","Christie Mccullough",19,"2025-10-26","2025-11-08","ICU",90
"PAT-3513ebf2","Danielle Smith",60,"2025-12-31","2026-01-11","surgery",94
"PAT-e4de7258","David Reed",14,"2025-09-10","2025-09-23","ICU",94
"PAT-89a200af","Sherry Tapia",74,"2025-10-31","2025-11-05","general_medicine",94
"PAT-f596bf8d","Matthew Sweeney",85,"2025-04-24","2025-04-25","surgery",91
"PAT-2c5361ff","Ashley Moreno",31,"2025-07-26","2025-08-06","general_medicine",94
"PAT-beb4bcee","Johnathan Brown",2,"2025-07-16","2025-07-21","ICU",69
"PAT-03d0b953","Michelle Davis DVM",82,"2025-03-09","2025-03-22","emergency",88
"PAT-f9dae984","Kelly Haynes",18,"2025-03-15","2025-03-28","general_medicine",84
"PAT-1d6da110","William Miller",19,"2025-07-30","2025-08-06","ICU",83
"PAT-a7ccb35e","Casey Wilkins",10,"2025-07-02","2025-07-14","surgery",64
"PAT-8e9b196c","Keith Graham",62,"2025-02-20","2025-02-25","general_medicine",71
"PAT-4927475c","Cynthia Green",49,"2025-09-03","2025-09-04","ICU",79
"PAT-baa8e6ea","Robert Haynes",37,"2025-01-14","2025-01-25","emergency",91
"PAT-3fe8fd51","Emily Nelson",10,"2025-06-04","2025-06-11","emergency",77
"PAT-8a14f16e","Dale Chan",86,"2025-10-04","2025-10-16","general_medicine",64
"PAT-b0c6f49d","Brittney Martin",86,"2025-02-28","2025-03-09","emergency",69
"PAT-6e815497","Jason Herrera",21,"2025-11-17","2025-11-24","general_medicine",63
"PAT-179de2b6","Christine Parker",64,"2025-04-14","2025-04-26","general_medicine",81
"PAT-b1e8834f","Bryan Moore",85,"2025-07-28","2025-08-10","surgery",73
"PAT-499c2003","Samantha Terry",49,"2025-04-22","2025-04-23","ICU",74
"PAT-a68f7f46","Russell Murphy",11,"2025-04-28","2025-05-02","ICU",89
"PAT-b1caf36c","David Kelly",37,"2025-06-05","2025-06-13","general_medicine",85
"PAT-f58ab9a1","Megan Green",12,"2025-11-18","2025-11-23","emergency",97
"PAT-12523d2c","Amanda Sullivan MD",65,"2025-01-26","2025-02-06","ICU",67
"PAT-bdd5c115","Danielle Murray",39,"2025-05-30","2025-06-03","general_medicine",67
"PAT-64005d1e","Brenda Smith",28,"2025-07-28","2025-08-01","ICU",75
"PAT-b34bb9aa","Vickie Anderson",45,"2025-08-23","2025-08-30","surgery",75
"PAT-095c8db2","Jacqueline Mccoy",44,"2025-08-27","2025-09-04","general_medicine",86
"PAT-9f159403","Lauren Green",52,"2025-03-29","2025-04-07","general_medicine",94
"PAT-ddd92df7","Alison Brown",50,"2025-10-20","2025-10-30","ICU",76
"PAT-4dd464eb","Jill Anderson",56,"2025-07-26","2025-07-31","ICU",89
"PAT-6cba7ba2","Sandra Rivera",19,"2025-08-19","2025-08-24","ICU",71
"PAT-a493ca8b","Joel Jackson",48,"2025-03-05","2025-03-15","emergency",89
"PAT-faa4a26f","Samantha Foster",28,"2025-01-11","2025-01-13","general_medicine",66
"PAT-c041a156","Michael Thompson",57,"2025-09-08","2025-09-12","surgery",97
"PAT-579c19cc","Cody Ramirez",87,"2025-02-21","2025-02-26","surgery",79
"PAT-8bfedd28","Amanda Harvey",2,"2025-05-06","2025-05-15","emergency",99
"PAT-9f99f901","Edward Jenkins",71,"2025-08-24","2025-09-01","ICU",82
"PAT-51264ef0","Amy Ramirez",10,"2025-07-11","2025-07-19","surgery",88
"PAT-b8f2602e","Curtis Wilkerson",55,"2025-05-18","2025-05-25","ICU",87
"PAT-3def4cff","Lydia Pham",48,"2025-05-05","2025-05-18","ICU",91
"PAT-f9424721","Virginia Casey",35,"2025-10-09","2025-10-15","emergency",63
"PAT-48c843e9","Joshua Washington",81,"2025-06-15","2025-06-23","ICU",82
"PAT-9508b7eb","Kathryn Price",21,"2025-01-31","2025-02-07","surgery",70
"PAT-e367eedb","Francis Robinson",45,"2025-07-09","2025-07-14","ICU",97
"PAT-ac1d3980","Paula Brown",9,"2025-05-08","2025-05-22","ICU",83
"PAT-15da980a","Kendra Wang DVM",43,"2025-11-12","2025-11-26","ICU",82
"PAT-d9ea1df9","Ariel Sandoval",16,"2025-09-04","2025-09-14","emergency",93
"PAT-cd77d9dc","Robert Stark",8,"2025-03-30","2025-04-01","surgery",71
"PAT-40efa3f6","Zachary Robinson",39,"2025-04-16","2025-04-23","emergency",98
"PAT-f9093e10","Rebecca Kelly",12,"2025-02-01","2025-02-10","emergency",99
"PAT-434dd46d","Sarah Thompson",19,"2025-08-07","2025-08-12","surgery",77
"PAT-2cccd894","Renee Wolfe",76,"2025-07-20","2025-08-01","ICU",97
"PAT-c1717ebc","Alyssa Haynes",82,"2025-11-23","2025-12-02","ICU",94
"PAT-c665c4c5","Kristy Hart",47,"2025-10-22","2025-10-26","surgery",84
"PAT-e11a0e0e","William Keith",61,"2025-12-31","2026-01-01","ICU",96
"PAT-b345f0fc","Eric Henry Jr.",5,"2025-03-18","2025-03-27","general_medicine",85
"PAT-b85a5fe7","Daniel Fox",13,"2025-11-06","2025-11-10","general_medicine",98
"PAT-f8e37525","Thomas Harris",71,"2025-11-29","2025-12-10","emergency",97
"PAT-8f5668e1","Mitchell Sellers",62,"2025-04-30","2025-05-12","surgery",89
"PAT-e317c564","Erica Johnson",66,"2025-05-11","2025-05-24","ICU",93
"PAT-f2e5dc0f","Sylvia Schroeder",79,"2025-04-06","2025-04-19","surgery",97
"PAT-7dccad86","Shannon Yu",71,"2025-03-13","2025-03-27","general_medicine",65
"PAT-6621edc9","Tom Foster",77,"2025-04-09","2025-04-19","ICU",62
"PAT-a37a6ec6","Eric Taylor",58,"2025-06-26","2025-07-07","ICU",90
"PAT-2b540edc","Travis Conner",68,"2025-11-04","2025-11-13","surgery",90
"PAT-457ff3a7","Marie Thompson",84,"2025-03-25","2025-04-01","surgery",81
"PAT-03a1bd78","Melissa Mcfarland",3,"2025-02-14","2025-02-24","emergency",79
"PAT-4fbfd721","Courtney Chapman",76,"2025-09-30","2025-10-08","emergency",67
"PAT-d3f2dd9c","Eric Barker",22,"2025-11-24","2025-12-02","surgery",85
"PAT-9aa16259","Nicholas Rush",58,"2025-08-17","2025-08-18","emergency",87
"PAT-19b54c42","Jenna Gamble",88,"2025-09-29","2025-10-06","emergency",61
"PAT-1e6f872e","Amanda Guzman",81,"2025-10-13","2025-10-20","general_medicine",72
"PAT-7cf0d13d","Tracy Walker",81,"2025-06-20","2025-06-25","emergency",89
"PAT-8a179cc0","Taylor Taylor",20,"2025-02-24","2025-02-25","ICU",99
"PAT-89abf617","Cynthia Haas",82,"2025-05-23","2025-06-01","ICU",69
"PAT-5504ba86","Stephen Davis",52,"2025-06-29","2025-07-13","general_medicine",92
"PAT-ceeb126b","Margaret Tanner",56,"2025-05-17","2025-05-23","ICU",60
"PAT-80dd2e5c","Derek Wright",43,"2025-11-27","2025-11-29","general_medicine",75
"PAT-36cb1cbd","David Rodriguez",8,"2025-09-28","2025-10-10","ICU",92
"PAT-87f6ac23","James Oconnor",77,"2025-03-13","2025-03-24","emergency",71
"PAT-ed357431","Stacey Snyder",64,"2025-08-20","2025-08-30","general_medicine",70
"PAT-60ed37b1","Joshua Garcia",42,"2025-09-30","2025-10-01","general_medicine",91
"PAT-94aeadf6","Sean Curtis",84,"2025-02-25","2025-03-03","emergency",81
"PAT-12de1869","Carla Jones",49,"2025-07-11","2025-07-14","surgery",67
"PAT-94cb5d4d","Elizabeth Flores",48,"2025-05-19","2025-05-27","general_medicine",80
"PAT-70bb0e7e","Angela Jackson",65,"2025-04-14","2025-04-17","general_medicine",98
"PAT-e82f0475","Nicholas Payne",27,"2025-09-30","2025-10-06","general_medicine",78
"PAT-ebe3b87a","Anna Wheeler",55,"2025-01-28","2025-01-30","surgery",97
"PAT-e67c1ba9","Karen Johnson",36,"2025-09-01","2025-09-05","general_medicine",81
"PAT-41173daa","Carmen Preston",89,"2025-10-26","2025-10-30","emergency",72
"PAT-e52c726d","Brian Harris",51,"2025-10-15","2025-10-16","surgery",95
"PAT-e8583ff8","Michael Bowen",59,"2025-03-24","2025-04-03","surgery",94
"PAT-815c95f7","Deborah Campbell",55,"2025-10-11","2025-10-12","general_medicine",77
"PAT-5cc7a8f3","Anthony Armstrong",47,"2025-04-07","2025-04-19","ICU",67
"PAT-7fcb697b","Brittany Ward",87,"2025-05-17","2025-05-25","ICU",71
"PAT-e336cf92","Edward Stanley",30,"2025-05-22","2025-06-04","ICU",84
"PAT-de47a134","Christina Johnson",33,"2025-09-07","2025-09-15","general_medicine",68
"PAT-9d7954a0","Edgar Miller",25,"2025-12-26","2026-01-05","ICU",78
"PAT-14f1c2aa","Elizabeth Sanders",66,"2025-01-05","2025-01-08","ICU",86
"PAT-11ee6f72","Matthew Davis MD",79,"2025-09-28","2025-10-01","emergency",71
"PAT-891c504e","Stephen Wood",52,"2025-10-09","2025-10-11","ICU",82
"PAT-14da658e","Dennis Marshall",49,"2025-05-20","2025-05-27","ICU",63
"PAT-c0bf222d","Derrick Brown",86,"2025-07-02","2025-07-03","ICU",84
"PAT-3216da7d","Mary Miller",65,"2025-05-29","2025-06-07","surgery",79
"PAT-c83919b3","Joshua Arellano",48,"2025-08-02","2025-08-07","ICU",92
"PAT-6be0cd8e","Kristen Randall",37,"2025-05-23","2025-06-02","emergency",74
"PAT-b193bc13","Jennifer Nichols",45,"2025-10-04","2025-10-12","emergency",64
"PAT-fad5831d","Karen Keith",69,"2025-12-29","2026-01-10","emergency",82
"PAT-fc5ca97c","Blake Orr",67,"2025-01-18","2025-01-23","general_medicine",87
"PAT-346a17fa","Kathryn Lester",85,"2025-05-31","2025-06-03","ICU",99
"PAT-65dc9ad2","Megan Oliver",9,"2025-06-29","2025-06-30","emergency",67
"PAT-2ab794c1","Peter Thompson",74,"2025-07-11","2025-07-16","emergency",96
"PAT-5000e528","Dr. Rhonda Martinez",55,"2025-08-25","2025-08-31","general_medicine",88
"PAT-4c0e490a","William Graham",68,"2025-02-28","2025-03-02","emergency",60
"PAT-7d64a95f","Lori Flowers MD",59,"2025-01-30","2025-02-10","general_medicine",87
"PAT-ebb3c35a","Suzanne Jones",75,"2025-03-31","2025-04-13","general_medicine",67
"PAT-558821bb","James Nguyen",62,"2025-08-08","2025-08-18","ICU",89
"PAT-63891592","Jimmy Marks",72,"2025-08-11","2025-08-21","general_medicine",80
"PAT-d088a1ed","Lisa Mills",55,"2025-06-11","2025-06-18","general_medicine",90
"PAT-fdb73cb6","Jason Hernandez",51,"2025-03-17","2025-03-18","emergency",81
"PAT-e274866d","Olivia Ayers",39,"2025-04-21","2025-04-22","emergency",60
"PAT-635d2caf","Kristine Garcia",62,"2025-07-01","2025-07-11","surgery",80
"PAT-1fd2e6ec","Joseph Cooper",78,"2025-01-22","2025-01-28","emergency",94
"PAT-aca98c7e","James Washington",79,"2025-07-09","2025-07-10","ICU",76
"PAT-a8b5abcb","Amanda Hill",89,"2025-05-25","2025-05-31","emergency",76
"PAT-461dedf5","Lee Steele",77,"2025-09-19","2025-09-22","emergency",73
"PAT-31f00a7c","Steve Rivera",71,"2025-05-23","2025-05-29","emergency",86
"PAT-abcfeffc","Patrick Mccall",12,"2025-09-02","2025-09-10","emergency",94
"PAT-0a87540a","Alicia Roth",59,"2025-07-16","2025-07-22","surgery",82
"PAT-27b993e3","Douglas Vasquez",88,"2025-01-26","2025-01-31","surgery",85
"PAT-8ad27bf1","Annette Melton",19,"2025-07-17","2025-07-28","surgery",77
"PAT-17a63d35","William Ramos",3,"2025-09-06","2025-09-20","emergency",73
"PAT-8607b61c","Debra Butler",12,"2025-02-13","2025-02-20","general_medicine",74
"PAT-5934e691","Chelsea Lewis",18,"2025-08-27","2025-09-08","general_medicine",94
"PAT-5d56d3a0","Natalie Malone",80,"2025-04-10","2025-04-13","general_medicine",91
"PAT-bf9bf276","Samantha Robertson",47,"2025-12-26","2026-01-03","ICU",76
"PAT-dd72a01f","Eric Hunter",70,"2025-02-19","2025-02-20","general_medicine",94
"PAT-3ffec18c","Samuel Suarez",31,"2025-05-21","2025-05-27","ICU",73
"PAT-02ae68da","Corey Whitaker",36,"2025-08-27","2025-09-10","ICU",63
"PAT-83f67cae","Danielle Bryant",39,"2025-07-27","2025-08-08","general_medicine",75
"PAT-9026b07c","Michele Hill",61,"2025-12-12","2025-12-24","ICU",91
"PAT-388ea10a","Kathy Reid",65,"2025-09-16","2025-09-22","general_medicine",67
"PAT-7912b691","Andre Watson",23,"2025-06-20","2025-06-29","general_medicine",98
"PAT-5794ee22","Cassandra Harrell",44,"2025-09-21","2025-09-28","surgery",98
"PAT-5fa9792c","Hannah Martin",56,"2025-10-13","2025-10-23","ICU",97
"PAT-94a68ef3","Nicole Barker",17,"2025-07-16","2025-07-21","surgery",88
"PAT-ccc84f5b","James Martin",38,"2025-04-08","2025-04-19","ICU",82
"PAT-87356f08","Traci Vincent",68,"2025-05-02","2025-05-15","surgery",63
"PAT-e4376ecc","Megan Adams",22,"2025-10-15","2025-10-25","surgery",77
"PAT-bf1b13b6","Alejandro Deleon",14,"2025-04-06","2025-04-15","ICU",96
"PAT-d78122d6","Alexa Buck",73,"2025-01-06","2025-01-14","ICU",62
"PAT-8a396e1e","Lindsay Smith",10,"2025-04-06","2025-04-10","general_medicine",63
"PAT-a80a5e86","Robert Torres",80,"2025-08-02","2025-08-10","emergency",65
"PAT-6383ea9f","Maria Coleman",34,"2025-07-12","2025-07-16","surgery",81
"PAT-b6d29dbc","Gregory King",10,"2025-09-08","2025-09-18","emergency",62
"PAT-8427bce7","Michael Holloway",8,"2025-03-17","2025-03-24","ICU",73
"PAT-a34a64e2","Brian Hunt",17,"2025-09-08","2025-09-17","emergency",68
"PAT-46c66a3e","Sarah Brooks",22,"2025-03-24","2025-04-06","surgery",64
"PAT-104fadfd","Lisa Evans",46,"2025-09-13","2025-09-20","ICU",89
"PAT-780be065","Arthur Mcneil",24,"2025-08-25","2025-09-02","ICU",84
"PAT-c2d93cd1","Shannon Green",73,"2025-11-10","2025-11-24","surgery",84
"PAT-798f4567","Stephanie Evans",77,"2025-04-26","2025-04-28","general_medicine",69
"PAT-f4ce80d4","Ralph Yoder",74,"2025-03-26","2025-03-31","general_medicine",81
"PAT-3fb1487b","Rebekah Greene",44,"2025-07-28","2025-08-11","general_medicine",61
"PAT-1cf19479","Melanie Griffith",75,"2025-10-25","2025-10-27","emergency",70
"PAT-3d429a6c","Yolanda Green",15,"2025-08-31","2025-09-02","emergency",94
"PAT-f73799b5","James Johnson",58,"2025-05-24","2025-05-30","surgery",71
"PAT-fffe27aa","Laura Lee",59,"2025-09-03","2025-09-05","emergency",85
"PAT-177e05c7","Courtney Nichols",58,"2025-10-10","2025-10-18","general_medicine",66
"PAT-dd618adb","Susan Powers",62,"2025-03-04","2025-03-12","general_medicine",71
"PAT-b8f64c3e","Sarah Pittman",12,"2025-02-12","2025-02-13","surgery",76
"PAT-3ef63f63","Catherine Davis",35,"2025-01-08","2025-01-13","emergency",85
"PAT-b833050b","David Stokes",79,"2025-10-11","2025-10-17","ICU",88
"PAT-a1bec809","Catherine Frazier",46,"2025-04-11","2025-04-25","ICU",82
"PAT-90ba3a0f","Brandon Kelly",15,"2025-03-12","2025-03-25","surgery",96
"PAT-b0173543","Elizabeth French",28,"2025-08-16","2025-08-30","general_medicine",78
"PAT-7fcb5d8b","David Carter",76,"2025-01-21","2025-01-26","surgery",86
"PAT-f752da62","Julie Delacruz",54,"2025-10-12","2025-10-16","ICU",84
"PAT-5651b17c","Terry Jones",69,"2025-06-13","2025-06-15","general_medicine",81
"PAT-b2fe6226","Kathryn Dillon",15,"2025-12-22","2026-01-05","surgery",78
"PAT-c378810a","Edwin Brown",86,"2025-05-21","2025-06-01","surgery",88
"PAT-456fd090","Brenda Gonzalez",21,"2025-11-25","2025-12-02","ICU",78
"PAT-596d9b6a","Keith Knox",37,"2025-04-26","2025-05-05","surgery",79
"PAT-a432ced1","Eugene Baldwin",8,"2025-02-19","2025-02-21","ICU",64
"PAT-9603be1e","Katherine Welch",19,"2025-05-06","2025-05-17","general_medicine",96
"PAT-c0ec69bd","Mark Smith",21,"2025-11-20","2025-12-03","surgery",93
"PAT-4abfea64","Philip Jackson",76,"2025-05-17","2025-05-27","surgery",90
"PAT-974c0a52","Katherine Gallagher",6,"2025-05-27","2025-06-06","ICU",89
"PAT-4e444d5a","Lucas Schultz",30,"2025-06-12","2025-06-21","ICU",80
"PAT-b3ba89f4","Vincent Reyes",60,"2025-12-05","2025-12-10","general_medicine",91
"PAT-1d5f8550","Curtis Watson",65,"2025-05-18","2025-05-20","general_medicine",61
"PAT-b9712ea6","Frank Whitaker",59,"2025-09-30","2025-10-14","ICU",98
"PAT-0af52f3d","Michael Sims",30,"2025-03-29","2025-03-30","general_medicine",70
"PAT-833f3338","Michael Cooper",84,"2025-11-23","2025-12-03","ICU",71
"PAT-b87126f2","James Chapman",80,"2025-12-14","2025-12-15","emergency",87
"PAT-a4976bc6","Rodney Evans",52,"2025-07-18","2025-07-20","surgery",83
"PAT-869968c7","Nicholas Carlson",3,"2025-01-19","2025-01-29","ICU",70
"PAT-5a0ce14d","Stephen Cowan",39,"2025-06-20","2025-07-01","surgery",62
"PAT-0307a640","Steven Howard",11,"2025-10-10","2025-10-11","general_medicine",61
"PAT-110d5794","Travis Hull",48,"2025-11-12","2025-11-18","ICU",89
"PAT-c7aac776","Darryl Acosta",83,"2025-10-11","2025-10-20","surgery",91
"PAT-8700b93a","Nicholas Lawrence",9,"2025-10-25","2025-11-02","ICU",92
"PAT-e5d6a9cf","Jacob Santos",76,"2025-12-27","2026-01-02","ICU",96
"PAT-2fa08c0d","Shawn Scott",79,"2025-01-22","2025-01-31","emergency",79
"PAT-a01bf534","Amber Vang",26,"2025-12-02","2025-12-04","emergency",91
"PAT-87fa07bd","Martha Smith",89,"2025-11-18","2025-11-30","emergency",99
"PAT-8f07e894","Jennifer James",72,"2025-12-12","2025-12-21","ICU",69
"PAT-4ae301e1","Kara Hernandez",47,"2025-02-08","2025-02-20","ICU",61
"PAT-e2ef9c5f","Lorraine Turner",64,"2025-05-04","2025-05-08","general_medicine",83
